"//======================= About page","Página sobre"
"About","Sobre"
"UPS has partnered up with Magento to offer a free UPS Shipping and UPS Access Point™ Module that will allow you to integrate and offer a wide range of UPS shipping & delivery solutions directly on your website check-out process! This official UPS Module for Magento gives your customers access to our expansive UPS Access Point network and delivery services.","UPS se ha asociado con Magento para ofrecer envíos de UPS gratuitos y un módulo de UPS Access Point™ que te permitirá ofrecer una gran variedad de soluciones de entrega y envíos de UPS directamente desde el proceso de compra de tu sitio web. Este módulo de UPS oficial con Magento ofrece a tus clientes acceso a nuestra amplia red UPS Access Point y a diferentes servicios de entrega."
"Features of this product","Características de este producto"
"Front Office","Servicio al cliente"
"Simple & easy map interface for your customers to select UPS Access Point as per their preference.","Interfaz de mapa sencilla y fácil de usar para que tus clientes puedan seleccionar UPS Access Point según sus preferencias."
"User-friendly interface for your customers to switch from Access Point delivery to home delivery.","Interfaz intuitiva para que los clientes puedan alternar entre las entregas en Access Point y las entregas a domicilio."
"Real time UPS shipping rate or flat rates for each available service (as per merchant’s back office settings).","Tarifas de envío o tarifas planas de UPS en tiempo real en todos los servicios disponibles (según la configuración administrativa del vendedor)."
"Back Office","Administración"
"Range of options to set up delivery rates that your customers will see (for example: free shipping, real time shipping rates, or flat rates as per basket value thresholds).","Variedad de opciones para configurar tarifas de envío con las que contarán tus clientes (por ejemplo: envíos gratuitos, tarifas de envío en tiempo real o tarifas planas según los umbrales de valor de las cestas)."
"Possibility to open a UPS account directly in the module itself, if you do not have one.","Posibilidad de abrir una cuenta UPS directamente en el módulo, si aún no tienes una."
"Easy PDF label generation.","Fácil creación de etiquetas PDF."
"Real time tracking information.","Información de seguimiento en tiempo real."
"Ability to export open orders so that you can process them in other applications for more complex needs.","Capacidad de exportar los pedidos abiertos para poder procesarlos en otras aplicaciones cuando los requisitos sean más complejos."
"Module version number and release date","Número de versión del módulo y fecha de publicación"
"Module version v","Versión del módulo v"
"Release date ","Fecha de publicación "
"Changelog","Historial de modificaciones"
"Platform compatibility statement","Declaración de compatibilidad de la plataforma"
"Compatible with Magento versions 2.1, 2.2, 2.3","Compatible con Magento en las versiones 2.1, 2.2 y 2.3"
"UPS Shipping Module website","Sitio web del módulo de envíos de UPS"
"For more information visit <a href='https://www.ups.com/%1/%2/services/technology-integration/ecommerce-plugins.page' target='_blank'>https://www.ups.com/%1/%2/services/technology-integration/ecommerce-plugins.page</a>","Para obtener más información, visita <a href='https://www.ups.com/%1/%2/services/technology-integration/ecommerce-plugins.page' target='_blank'>https://www.ups.com/%1/%2/services/technology-integration/ecommerce-plugins.page</a>"
"For more information visit","Para obtener más información, visita"
"Netherlands_no_delete",""
"Support information","Información de ayuda"
"For assistance with installing, upgrading, or using UPS Shipping Module, please contact UPS at -","Para recibir asistencia a la hora de instalar, mejorar o utilizar el módulo de envíos de UPS, ponte en contacto con UPS en el"
"Poland +48 (0) 22 203 03 21","España +34-(0)917459877"
"UPS Shipping Module","Módulo de envíos de UPS"
"UPS Shipping","Envío de UPS"
"Shipment management","Gestión de envíos"
"//======================= Country page","Página del país"
"Country setting","Configuración de país"
"Country Setting","Configuración de país"
"Please select your country/territory","Selecciona un país/territorio"
"Continue","Continuar"
"//======================= Terms and Condition page","Página de Términos y Condiciones"
"UPS Terms and Conditions","Términos y Condiciones de UPS"
"I agree to the UPS Technology Agreement and confirm that I've been given enough time to read it and understand that it contains important terms about my use of UPS Technologies, like limiting UPS's liability and my agreement on how disputes between UPS and me will be handled","Acepto el Contrato de tecnología de UPS y confirmo que he recibido tiempo suficiente para leerlo y aceptarlo, que contiene los términos importantes sobre mi uso de las tecnologías de UPS, como los términos que limitan la responsabilidad de UPS y mi acuerdo sobre cómo se gestionarán los conflictos entre UPS y yo."
"I agree to the UPS Technology Agreement and confirm that I've been given enough time to read it and understand that it contains important terms about my use of UPS Technologies,","Acepto el Contrato de tecnología de UPS y confirmo que he recibido tiempo suficiente para leerlo y aceptarlo,"
"UPS Terms and Conditions","Términos y Condiciones de UPS"
" like"," que"
" limiting UPS's liability and my agreement on how disputes between UPS and me will be handled"," contiene los términos importantes sobre mi uso de las tecnologías de UPS, como los términos que limitan la responsabilidad de UPS y mi acuerdo sobre cómo se gestionarán los conflictos entre UPS y yo."
"Print","Imprimir"
"Cannot get Term & Condition","No se pueden obtener los Términos y Condiciones"
"//======================= Account Page","Página de Cuenta"
"Account","Cuenta"
"ACCOUNT","CUENTA"
"For more information on UPS Plugins please click <a target='_blank' href='https://www.ups.com/%1/%2/services/technology-integration/ecommerce-plugins.page'>this link</a> (opens in a new browser window)","Para obtener más información sobre los complementos de UPS, haz clic en <a target='_blank' href='https://www.ups.com/%1/%2/services/technology-integration/ecommerce-plugins.page'>este enlace</a> (se abre en una nueva ventana del navegador)"
"Please fill the form below to start configuring UPS plug-in for your e-commerce website","Rellena el siguiente formulario para comenzar a configurar el complemento de UPS en tu sitio web de comercio electrónico"
"Title","Tratamiento"
"Full name","Nombre completo"
"Full Name","Nombre completo"
"Company","Empresa"
"Email","Correo electrónico"
"Phone number","Número de teléfono"
"Address type","Tipo de dirección"
"Address","Dirección"
"Postal code","Código postal"
"City","Ciudad"
"Number of items in order","Número de artículos en orden"
"Add Backup Rate","Agregar tasa de respaldo"
"Country/Territory","País/Territorio"
"Example: Warehouse, Branch #1, etc.","Ejemplo: Almacén, sucursal n.º 1, etc."
"Example: Warehouse, Branch #1","Ejemplo: Almacén, sucursal n.º 1"
"Street Address","Calle"
"Apartment, Suite, Unit, Building, Floor, etc.","Apartamento, habitación, portal, edificio, planta, etc."
"Department, c/o, etc.","Departamento, a la atención de, etc."
"Mr","Sr."
"Miss","Srta."
"Mrs","Sra."
"Ms","Srta."
"I have a UPS Account Number WITH an invoice occurred in the last 45 days (90 days if your account is in the US or Canada)","Tengo un número de cuenta UPS CON una factura emitida en los últimos 45 días (90 días si su cuenta es de EE.UU. o Canadá)"
"I have a UPS Account Number WITHOUT an invoice occurred in the last 45 days (90 days if your account is in the US or Canada)","Tengo un número de cuenta UPS SIN facturas emitidas en los últimos 45 días (90 días si su cuenta es de EE.UU. o Canadá)"
"I do not have a UPS Account Number and would like to get one from the plug-in","No tengo un número de cuenta UPS y me gustaría obtener uno desde el complemento"
"I do not have a UPS Account Number and would ","No tengo un número de cuenta UPS y me gustaría"
"like","obtener"
" to get one from the plug-in"," uno desde el complemento"
"The invoice should be 1 of the last 3 issued by UPS in last 45 days (90 days if your account is in the US or Canada)","La factura debe ser una de las tres últimas emitidas por UPS en los últimos 45 días (90 días si su cuenta es de EE.UU. o de Canadá)"
"Account name","Nombre de cuenta"
"Account number","Número de cuenta"
"Invoice number","Número de la factura"
"Invoice amount","Importe de la factura"
"Currency ","Moneda"
"Currency","Moneda"
"Invoice date","Fecha de la factura"
"VAT number","CIF"
"Promo Code","Código de promoción"
"Please Note: Shippers are prohibited from shipping dangerous goods or hazardous materials using the account opened in this application.","Nota: Se prohíbe a los remitentes enviar mercancías o materiales peligrosos a través de la cuenta abierta en esta aplicación."
"Your account will support deliveries to authorized UPS Access Point™ locations after 24 hours.","Tu cuenta admitirá entregas a las ubicaciones de UPS Access Point™ tras 24 horas."
"You can find more information on dangerous goods and how UPS can support you shipping them on this link <br /><a target='_blank' href=https://www.ups.com/%1/%2/help-center/packaging-and-supplies/special-care-shipments/global-dangerous-goods.page>[https://www.ups.com/%1/%2/help-center/packaging-and-supplies/special-care-shipments/global-dangerous-goods.page]</a>","Puedes encontrar más información sobre las mercancías peligrosas y sobre cómo UPS puede ayudarte a enviarlas en este enlace<br /><a target='_blank' href=https://www.ups.com/%1/%2/help-center/packaging-and-supplies/special-care-shipments/global-dangerous-goods.page>[https://www.ups.com/%1/%2/help-center/packaging-and-supplies/special-care-shipments/global-dangerous-goods.page]</a>"
"Reference name that will be associate with an account. For example warehouse 1, warehouse 2,  Store 1, Store 2 etc. You can freely chose the name as per your requirement","Nombre de referencia que estará asociado con una cuenta. Por ejemplo, almacén 1, almacén 2, tienda 1, tienda 2, etc. Puedes elegir el nombre que necesites según tus preferencias."
"The postal code or zip code associated with your UPS account. It can be found on the top on each page of your UPS invoice under 'Purchaser'","El código postal asociado con su cuenta UPS. Se puede encontrar en la parte superior de las páginas de la factura de UPS bajo la palabra «comprador»"
"The name associated with your UPS account. It can be found on the top on each page of your UPS invoice under 'Purchaser'","El nombre asociado con tu cuenta UPS. Se puede encontrar en la parte superior de las páginas de la factura de UPS bajo la palabra «comprador»"
"A unique six character alphanumeric number that identifies your account. It can be found on the top left side on each page of your UPS invoice","Un número único de seis caracteres alfanuméricos que identifica a tu cuenta. Se puede encontrar en la parte superior izquierda de las páginas de la factura de UPS"
"A unique 12 digit number assigned by UPS to an invoice. It can be found on the top left side on each page of your UPS invoice","Un número de 12 dígitos que UPS asigna a una factura. Se puede encontrar en la parte superior izquierda de las páginas de la factura de UPS"
"Total Amount Due for the given invoice. It can be found on the 'Summary of Charges' table on the first page on the invoice","Importe total a pagar en dicha factura. Se puede encontrar en la tabla «Resumen de cargos» en la primera página de la factura"
"Date of issuing the invoice. It can be found on the top left side on each page of your UPS invoice","Fecha de emisión de la factura. Se puede encontrar en la parte superior izquierda de las páginas de la factura de UPS"
"Get started","Empezar"
"Some of the data you entered is not valid. Please check again.","Algunos datos introducidos no son válidos. Compruébalo de nuevo."
"Cannot create new Account Number","No se puede crear un número de cuenta nueva"
"Email is not correct format","El correo electrónico no tiene el formato correcto"
"Your request to create a UPS Shipping Account was not successful. Please check the 'City' and 'Postal code' values that you entered. Here are some suggestions on the City and Postal code that are a valid combination - ","Tu solicitud para crear una cuenta de envío de UPS no es correcta. Comprueba los valores de «ciudad» y «código postal» que hayas introducido. A continuación, encontrarás algunas sugerencias de ciudad y código postal que sirven como combinación válida: "
"Please update the city and postal code values with one of these selections and click Get Started","Modifica los valores de ciudad y código postal con una de estas opciones y haz clic en «Empezar»"
"Configuration","Configuración"
"//======================= Account Success Page","Página de Cuenta correcta"
"Your UPS Profile","Tu perfil de UPS"
"Your Payment Account","Tu cuenta de pago"
"Add another account number","Añadir otro número de cuenta"
"Please enter the address attached to your account number","Introduce la dirección asociada a tu número de cuenta"
"Phone","Teléfono"
"Verify","Verificar"
"Next","Siguiente"
"Remove","Eliminar"
"Account number already exists in 'Your Payment Account'","El número de cuenta ya existe en tu «cuenta de pago»"
"Full name:","Nombre completo:"
"Remove Account","Eliminar cuenta"
"This account will be removed. Click Ok to confirm, close the dialog to cancel.","Se eliminará esta cuenta. Haz clic en Aceptar para confirmar o cierra el diálogo para cancelar."
"Your UPS account has been successfull registered","Se ha registrado correctamente tu cuenta UPS"
"//======================= Shipping Services page","Página de Servicios de envío"
"Shipping Services","Servicios de envío"
"Select the UPS services you want to be visible in the checkout for your e-shoppers. To learn more about UPS services, refer UPS Tariff/Terms and Conditions of Service on UPS.COM","Selecciona los servicios de UPS que quieres que sean visibles en el proceso de compra de tus compradores electrónicos. Para obtener más información sobre los servicios de UPS, consulta las Tarifas/Términos y Condiciones de servicio de UPS en UPS.COM"
"Deliver to UPS Access Point™ (to-AP delivery)","Entrega en UPS Access Point™ (entrega en AP)"
"UPS delivers the parcel to a UPS Access Point™ that the customer selected, then customer picks up their order there","UPS enviará el paquete a un UPS Access Point™ que haya seleccionado el cliente y allí podrá recogerlo posteriormente"
"Yes","Sí"
"No","No"
"Set as default shipping option","Establecer como opción de envío predeterminada"
"Select the shipping services for your customers to choose","Selecciona los servicios de envío que podrán elegir tus clientes"
"International shipping only - visible, when shipping address is outside of EU","Solo envío internacional: visible, cuando la dirección de envío está fuera de la Unión Europea"
"Access Point display setting:","Ajustes de visualización de Access Point:"
"Number of Access Points visible to customers:","Número de Access Point visibles para los clientes:"
"Display all the Access Points in range of:","Muestra todos los Access Point en un radio de:"
"kilometer around consignee's selected address","kilómetros alrededor de la dirección seleccionada del destinatario"
"Choose Account Number for this option","Elige un número de cuenta para esta opción"
"Deliver to consignee address (to-address delivery)","Enviar a la dirección del destinatario (entrega a una dirección)"
"UPS delivers the parcel to the shipping address provided by customer.","UPS entregará el paquete a la dirección de envío proporcionada por el cliente."
"Cut off time","Plazo máximo"
"The cut off time selected here will be used in calculating the schedule delivery date and time, which will be displayed on your website checkout.","El plazo máximo que se seleccione aquí se utilizará en el cálculo de la fecha y hora de entrega programada que aparecerá en el proceso de compra de tu sitio web."
"For example, if the cut off time is selected as 5 PM and your e-shoppers views your webstore at 5.01 PM, all UPS scheduled delivery dates and time will be calculated from the following business day. When deciding this cut off time, please ensure that you have sufficient time to fulfill the order before the UPS scheduled pick up or you are able to drop off the packages at a UPS Access Point™.","Por ejemplo, si has seleccionado como plazo máximo las 17:00 y tu comprador electrónico visita tu tienda web a las 17:01, todas las fechas y horas de entregas programadas de UPS se calcularán a partir del siguiente día laborable. Al decidir este plazo máximo, asegúrate de tener tiempo suficiente para llevar a cabo el pedido antes de la recogida programada de UPS o de poder depositar los paquetes en un UPS Access Point™."
"If you are unsure about fulfilling customer orders on the same day, you can select 'Disable' which will result in the e-shopper seeing a generic delivery schedule for each available UPS service. For Example; 'UPS® Standard - In most cases, delivered within 1 to 3 business days in Europe.'","Si no sabes con seguridad si podrás completar los pedidos del cliente en el mismo día, puedes seleccionar «Desactivar» y el comprador electrónico verá una programación de entrega genérica en los servicios de UPS disponibles. Por ejemplo, «UPS® Standard: se suele entregar entre 1 y 3 días laborables en Europa»."
"Save","Guardar"
"Please select at least one shipping service.","Selecciona al menos un servicio de envío."
"UPS Access Point™ Economy","UPS Access Point™ Economy"
"UPS® Standard","UPS® Standard"
"UPS Expedited®","UPS Expedited®"
"UPS Express Saver®","UPS Express Saver®"
"UPS Express®","UPS Express®"
"UPS Express Plus®","UPS Express Plus®"
"//======================= Collect on Delivery (COD) page","Página de Entregas contra reembolso (COD)"
"Collect on Delivery (COD)","Entrega contra rembolso (COD)"
"You have the official Magento COD module enabled!","¡Has activado el módulo oficial Magento COD!"
"Only show Access Points supporting COD shipments?","¿Quieres que aparezcan solo los Access Point compatibles con los envíos con las entregas contra reembolso?"
"Select 'YES' if you plan to offer COD shipments to a UPS Access Point™","Selecciona «SÍ» si tiene pensado ofrecer envíos contrarreembolso a los Puntos de acceso de UPS"
"The COD Shipping service of this plug-in is automatically compatible with the official Collect on Delivery (COD) module by Magento.","El servicio de Entrega contra reembolso (COD) de este complemento es automáticamente compatible con el módulo de entrega contra reembolso oficial de Magento."
"You do not have the official Magento COD module installed and/or enabled!","No tienes el módulo de COD oficial de Magento instalado/activado."
"The COD Shipping service of this plugin is automatically compatible with the official Cash on Delivery (COD) module by Magento.","Este servicio de envío contrarreembolso (COD) es automáticamente compatible con el módulo de pago contra reembolso (COD) oficial de Magento."
"If you want the UPS Shipping module to automatically detect COD shipments, <strong>please make sure that you have installed Magento's Collect on Delivery (COD)</strong>. If you already have Magento's Collect on Delivery (COD) module installed, <strong>please make sure that the module is enabled</strong>. [<a href='https://docs.magento.com/m2/ce/user_guide/payment/cash-on-delivery.html' target='_blank'>Click here</a>] for detailed guidance.","Si quieres que el módulo de envíos de UPS detecte de manera automática los envíos COD, asegúrate de haber instalado el módulo de pago contra reembolso de Magento. Si ya tienes instalado el módulo de pago contra reembolso (COD) de Magento, comprueba que esté activado. [<a href='https://docs.magento.com/m2/ce/user_guide/payment/cash-on-delivery.html' target='_blank'>Haz clic aquí</a>] para obtener instrucciones detalladas."
"COD Option","Opción COD"
"//======================= Package Dimensions page","Página de Dimensiones del paquete"
"Package Dimensions","Dimensiones del paquete"
"Default Package Setting","Configuración predeterminada del paquete"
"Default package setting","Configuración predeterminada del paquete"
"Please enter weight and dimensions of your packaging here. You can add multiple package dimensions, which can be easily selected in a dropdown option when creating shipments in the plug-in.","Introduce el peso y las dimensiones del paquete aquí. Puedes añadir diferentes dimensiones del paquete que se podrán seleccionar fácilmente desde la opción desplegable a la hora de crear envíos en el complemento."
"In case you decide to show the real time UPS shipping rate (to be configured in the next screen) to the e-shoppers, the plug-in will use the first package, referred to as the 'Default Package' that is displayed below. The Default Package's weight and dimensions will be used to calculate the UPS shipping rates that will be displayed to the e-shoppers.","Si has decidido mostrar a los compradores electrónicos las tarifas de envío de UPS en tiempo real (que se configurarán en la siguiente pantalla), el complemento utilizará el primer paquete, al que se hará referencia como «paquete predeterminado», que aparece a continuación. El peso y las dimensiones del paquete predeterminado se utilizarán para calcular las tarifas de envío de UPS que se mostrarán a los compradores electrónicos."
"Add New Package","Añadir nuevo paquete"
"Package name","Nombre de paquete"
"Example: Standard, Large, Phone box, etc.","Ejemplo: estándar, grande, caja de teléfono, etc."
"Weight","Peso"
"Unit","Unidad"
"Dimension","Dimensiones"
"Add Package","Añadir paquete"
"Length","Largo"
"Width","Ancho"
"Height","Alto"
"The name Package is exist.","El nombre Paquete ya existe."
"Edit","Editar"
"Delete","Eliminar"
"Editing Default Package","Editar paquete predeterminado"
"Remove Package","Eliminar paquete"
"You are going to remove this default package from your profile. Click Ok to confirm, close the dialog to cancel.","Vas a eliminar este paquete predeterminado de tu perfil. Haz clic en Aceptar para confirmar o cierra el diálogo para cancelar."
"OK","Aceptar"
"Please input at least one default package to continue.","Introduce al menos un paquete predeterminado para continuar."
"Please select an option","Selecciona una opción"
"Basic (number of items in the e-shopper order determine the package size)","Básico (el número de artículos en el pedido del cliente electrónico determina el tamaño del paquete)"
"Advanced (weights and dimensions of products in the e-shopper order determine the package size)","Avanzado (el peso y las dimensiones de los productos en el pedido del cliente electrónico determinan el tamaño del paquete)"
"Package dimensions:","Dimensiones del paquete:"
"Note: the plugin will create a custom package size if an e-shopper order is larger than the packages you enter","Nota: el complemento creará un tamaño de paquete personalizado si algún pedido del cliente electrónico es superior a los paquetes que introduces"
"Warning! To use this option you must enter product weights in the product settings of your shop.","¡Advertencia! Para usar esta opción, debes ingresar los pesos de los productos en la configuración de productos de tu tienda."
"Include dimensions in rating","Incluir dimensiones en la tarifa"
"Yes","Sí"
"No","No"
"If set to “No”, rates will be based on product weights only.&nbsp; If set to “Yes”, product dimensions must be entered in the product settings of your shop","Si se selecciona 'No', las tarifas se basarán únicamente en el peso de los productos.  Si selecciona  'Sí', se han de  ingresar las dimensiones del producto en la configuración del producto de su tienda"
"Name","Nombre"
"Length","Largo"
"Width","Ancho"
"Height","Alto"
"Weight","Peso"
"Max Weight","Peso máximo"
"Backup rate:","Tarifa por defecto:"
"Service Name","Nombre del Servicio"
"Rate","Tarifas"
"Backup rate will only display to e-shoppers if there is an issue within product settings, such as weights missing or if weights/dimensions exceed UPS limits","En caso de que exista un fallo como  falta de peso o si peso/dimensiones exceden los límites de UPS, se mostrará la tarifa por defecto."
"Add default packages if you would like the package size used for rating to change based on the number of items in the e-shopper’s order","Añade paquetes predeterminados si desea, que este cambie en función del número de articulos en una orden"
"Note: if the number of items in the e-shopper order do not match any of your entries, then the size of the package used for rating will be based on that of the highest item count exceeded by the e-shopper order.","Nota: Si el número de artículos en la orden de compra online no coindice con ninguno de tus registro anteriores de embalaje, el tamaño de paqueta a utilizar será el mayor disponible, previamente definido por Ud."
"//======================= Checkout Shipping Rates page","Página de Tarifas de envío en los procesos de compra"
"Checkout Shipping Rates","Tarifas de envío en los procesos de compra"
"Ship to UPS Access Point&trade;","Enviar a UPS Access Point™"
"Flat rates","Tarifas planas"
"Real time shipping rates","Tarifas de envío en tiempo real"
"Delivery rates is","Las tarifas de entrega son el"
"% of UPS shipping rates","% de las tarifas de envío de UPS"
"The e-shopper will see the % of real time UPS rates. These rates are calculated using the default package weight and dimensions that you configured in the previous screen (Package Dimensions).","El comprador electrónico verá el % de las tarifas de UPS en tiempo real. Estas tarifas se calcularán a partir del peso y las dimensiones del paquete predeterminado que hayas configurado en la pantalla anterior (dimensiones del paquete)."
"Please Note:<br />1. UPS real time shipping rates are exclusive of VAT. If you want to display the rates including VAT, please add the VAT % to the shipping rate. E.g. If VAT is 23%, and you want to display rates including VAT, you should insert 123% above.<br />2. The e-shopper may select COD as a payment option within the Magento checkout after the shipping rates are calculated. In this scenario, UPS COD surcharges which will be billed, are not added to the displayed shipping rates automatically. This is due to the order in which Magento displays shipping and payment options.","Ten en cuenta lo siguiente:<br />1. Las tarifas de envío en tiempo real de UPS no incluyen IVA. Si quieres mostrar las tarifas con IVA, añade el % de IVA a la tarifa de envío. Por ejemplo, si el IVA es el 23 %, y quieres que las tarifas aparezcan con IVA, deberías introducir un 123 % en el campo anterior.<br />2. El comprador electrónico puede seleccionar la Entrega contra reembolso (COD) como opción de pago en el proceso de compra de Magento después de que se hayan calculado las tarifas de envío. En este caso, los cargos de COD de UPS que están tarifados, no se añaden a las tarifas de envío que se muestran de forma automática. Esto se debe al orden en el que Magento muestra las opciones de pago y de envío."
"Ship to Address","Enviar a dirección de destino"
"Order Value Threshold","Límite de valor del pedido"
"Delivery rates","Tarifas de entrega"
"The minimum thresholds can not be the same.","Los límites mínimos no pueden ser los mismos."
"//======================= Complete Configuration page","Página de Completar configuración"
"Complete Configuration","Completar configuración"
"You can start shipping now!","Ya puedes empezar a realizar envíos."
"Click on the 'Complete Configuration' button to finish the configuration of the plug-in and start offering UPS shipping services on your website.","Haz clic en el botón «Completar configuración» para finalizar la configuración del complemento y empezar a ofrecer los servicios de envío de UPS en tu sitio web."
"If you are new to UPS, please refer to the following FAQs for additional information:","Si es la primera vez que entras en UPS, consulta las siguientes preguntas frecuentes para obtener más información:"
"1) How do I get more information about my new UPS shipping account?<br />If you opened a new UPS shipping account from the plug-in, a confirmation email with more information will be sent to the email address that you entered while creating the new account.","1. ¿Cómo obtengo más información sobre mi nueva cuenta de envío de UPS?<br />Si has abierto una nueva cuenta de envío de UPS desde el Plugin, recibirás un correo electrónico de confirmación con más información a la dirección de correo electrónico que hayas introducido al crear la nueva cuenta."
"2) How do I prepare my packages for UPS collection or drop off to a UPS Access Point™?<br />Refer to the package preparation recommendations at this link - <a href='https://www.ups.com/%1/%2/services/individual-shipper/preparing-to-ship.page' target='_blank'>https://www.ups.com/%1/%2/services/individual-shipper/preparing-to-ship.page</a>","2. ¿Cómo preparo mis paquetes para que UPS los recoja o deposite en un UPS Access Point™?<br />Consulta las recomendaciones de preparación de paquetes en este enlace: <a href='https://www.ups.com/%1/%2/services/individual-shipper/preparing-to-ship.page' target='_blank'>https://www.ups.com/%1/%2/services/individual-shipper/preparing-to-ship.page</a>"
"3) How do I give my packages to UPS?<br />You can drop you packages at any authorized UPS location such as a UPS Access Point™. Click below to search for a convenient access point location near you.","3. ¿Cómo doy los paquetes a UPS?<br />Puedes dejar los paquetes en cualquier ubicación de UPS como un UPS Access Point™. Haz clic a continuación para buscar un punto de acceso correspondiente cerca de tu ubicación."
"You can also ask UPS to pickup packages from your warehouse or business address. If you need an occasional pickup, you can directly schedule a pickup from UPS.COM using this link - <a href='https://wwwapps.ups.com/pickup/schedule?loc=%1' target='_blank'>https://wwwapps.ups.com/pickup/schedule?loc=%1</a>","También puedes pedir a UPS que recoja los paquetes desde tu almacén o domicilio social. Si necesitas una recogida ocasional, puedes programar directamente una recogida desde UPS.COM a través de este enlace:  <a href='https://wwwapps.ups.com/pickup/schedule?loc=%1' target='_blank'>https://wwwapps.ups.com/pickup/schedule?loc=%1</a>"
"If you have UPS packages on most business days and would prefer a regular UPS pickup, you can email a completed and signed Pickup form to the following email address - konto@ups.com. Then a UPS representative will be in touch with you to discuss a daily UPS pickup.","Si tienes paquetes de UPS en la mayoría de los días laborables y prefieres la recogida regular de UPS, puedes comunicarte con UPS llamando al número de teléfono que se encuentra en Preguntas sobre facturación  <a href='https://www.ups.com/%1/%2/help-center/contact.page' target='_blank'>aquí</a>. Luego, un representante de UPS se pondrá en contacto contigo para analizar una recogida de UPS diaria."
"If you have UPS packages on most business days and would prefer a regular UPS pickup, you can contact UPS by calling at the phone number provided under Billing Questions <a href='https://www.ups.com/%1/%2/help-center/contact.page' target='_blank'>here</a>. Then a UPS representative will be in touch with you to discuss a daily UPS pickup.","Si tienes paquetes de UPS en la mayoría de los días laborables y prefieres la recogida regular de UPS, puedes comunicarte con UPS llamando al número de teléfono que se encuentra en Preguntas sobre facturación  <a href='https://www.ups.com/%1/%2/help-center/contact.page' target='_blank'>aquí</a>. Luego, un representante de UPS se pondrá en contacto contigo para analizar una recogida de UPS diaria."
"4. What steps do I need to take to set up a UPS Collect on Delivery (COD) service?<br />You can contact UPS by calling at the phone number provided under Billing Questions <a href='https://www.ups.com/%1/%2/help-center/contact.page' target='_blank'>here</a>. Then a UPS representative will be in touch with you to discuss the COD service.","4. ¿Qué pasos necesito seguir para configurar un servicio de Entrega contra reembolso (COD) de UPS?<br />Puedes ponerse en contacto con UPS llamando al número de teléfono que se encuentra en Preguntas sobre facturación <a href='https://www.ups.com/%1/%2/help-center/contact.page' target='_blank'>aquí</a>. Luego, un representante de UPS se pondrá en contacto contigo para hablar sobre el servicio de Entrega contra reembolso (COD)."
"4) What steps do I need to take to set up a UPS Collect on Delivery (COD) service?<br />You can email a completed and signed COD form to the following email address - konto@ups.com. Then a UPS representative will be in touch with you to discuss the COD service.","4. ¿Qué pasos necesito seguir para configurar un servicio de Entrega contra reembolso (COD) de UPS?<br />Puedes ponerse en contacto con UPS llamando al número de teléfono que se encuentra en Preguntas sobre facturación <a href='https://www.ups.com/%1/%2/help-center/contact.page' target='_blank'>aquí</a>. Luego, un representante de UPS se pondrá en contacto contigo para hablar sobre el servicio de Entrega contra reembolso (COD)."
"Search UPS Access Point™","Buscar un Access Point™"
"Print form","Imprimir formulario"
"//======================= E-shopper page","Página del comprador electrónico"
"Deliver to an UPS Access Point<sup>TM</sup>","Entrega en un Access Point™"
"Your package will be delivered to an UPS Access Point<sup>TM</sup>","Tu paquete se entregará en un UPS Access Point™"
"Open 24 hours","Abierto 24 horas"
"The address is required","La dirección es obligatoria"
"Please select an Access Point to process","Selecciona un Access Point para continuar"
"Operating Hours","Horas de servicio"
"Open","Abierto"
"Close","Cerrado"
"Monday","Lunes"
"Closed","Cerrada"
"Tuesday","Martes"
"Wednesday","Miércoles"
"Thursday","Jueves"
"Friday","Viernes"
"Saturday","Sábado"
"Sunday","Domingo"
"Search for the UPS Access Point<sup>TM</sup>","Buscar el Access Point™"
"Near","Próximo"
"Delivered by End of Business Day","A entregar a final del día laborable"
"Address line, City, State, Postcode","Línea de dirección, ciudad, estado, código postal"
"Address line,City,State,Postcode","Línea de dirección,ciudad,estado,código postal"
"Use my delivery address","Utilizar mi dirección de entrega"
"Search","Buscar"
"Results","Resultados"
"Select","Seleccionar"
"Deliver to Your Address","Entregar en tu dirección"
"Your package will be delivered to your address","Tu paquete se entregara en tu dirección"
"UPS SHIPPING","ENVÍO DE UPS"
"Delivery today!","Entrega hoy"
"Delivery next day!","Entrega al día siguiente"
"Next two days!","En los próximos dos días"
"Next three days!","En los próximos tres días"
"Next four days!","En los próximos cuatro días"
"Next five days!","En los próximos cinco días"
"Next six days!","En los próximos seis días"
"Next seven days!","En los próximos siete días"
"Next eight days!","En los próximos ocho días"
"Next nine days!","En los próximos nueve días"
"Next ten days!","En los próximos diez días"
"delivered by","Entregar en"
"Delivered by","Entregar en"
"January","Enero"
"February","Febrero"
"March","Marzo"
"April","Abril"
"May","Mayo"
"June","Junio"
"July","Julio"
"August","Agosto"
"September","Septiembre"
"November","Noviembre"
"October","Octubre"
"December","Diciembre"
"//======================= Open Order page","Página de Pedido abierto"
"Open Orders","Pedidos abiertos"
"Create Single Shipments","Crear envíos sencillos"
"Create Batch Shipments","Crear envíos en lote"
"Export All Orders","Exportar todos los pedidos"
"Export Orders","Exportar pedidos"
"Archive Orders","Archivar pedidos"
"Order ID","ID de pedido"
"Order Date","Fecha del pedido"
"Product","Producto"
"Delivery Address","Dirección de entrega"
"Shipping Service","Servicio de envío"
"COD","COD"
"Action","Acción"
"No results!","Sin resultados"
"Warning - Archiving orders will move your orders in the Archive tab and you can no longer process these orders. Click 'OK' to continue, 'Cancel' to go back to the screen","Aviso: Al archivar los pedidos se moverán a la pestaña de Archivo y ya no podrás procesar estos pedidos. Haz clic en «Aceptar» para continuar o en «Cancelar» para volver a la pantalla anterior"
"Cancel","Cancelar"
"//======================= Detail Order page","Página de Pedido detallado"
"Order","Pedido"
"Order #","Pedido #"
"Customer","Cliente"
"Order value","Valor del pedido"
"Payment status","Estado del pago"
"Access Point","Access Point"
"//======================= Create single shipment page","Página de Crear envíos sencillos"
"Process Shipment","Procesar envío"
"Ship From","Enviar desde"
"Ship To","Enviar a"
"Accessorial service","Servicio complementario"
"Packaging","Embalaje"
"Package #1","Paquete núm. 1"
"Package #","Paquete núm. "
"Add package","Añadir paquete"
"View estimated shipping fee and delivery date","Ver gastos de envío estimados y fecha de entrega"
"Edit","Editar"
"Create Shipment","Crear envío"
"Custom Package","Paquete personalizado"
"Name","Nombre"
"Address","Dirección"
"State","Estado"
"Note: Insufficient or incorrect address may increase the shipping fee","Nota: Si la dirección es incorrecta o no está completa, pueden aumentar los gastos de envío"
"Additional Handling","Manipulación adicional"
"Additional handling","Manipulación adicional"
"Quantum View Ship Notification","Notificación de envío de Quantum View"
"Quantum View Delivery Notification","Notificación de entrega de Quantum View"
"Residential Address","Domicilio particular"
"Saturday Delivery","Entrega en sábado"
"Carbon Neutral","Carbon neutral"
"Direct Delivery Only","Solo entrega directa"
"Declared value","Valor declarado"
"Signature Required","Firma requerida"
"Adult Signature Required","Firma de un adulto requerida"
"To Home COD","En COD  (Entrega Contra Reembolo) a casa"
"Cancel Editing","Cancelar edición"
"To Access Point COD","En COD (Entrega Contra Reembolo) Access Point"
"Orders to be processed","Pedidos que se procesarán"
"The name is not empty","El campo de nombre no está vacío"
"The address is required","La dirección es obligatoria"
"The postal code is empty or invalid","El código postal está vacío o no es válido"
"The city is not empty","El campo de ciudad no está vacío"
"Invalid email format","Formato de correo electrónico no válido"
"The phone is not empty","El campo de teléfono no está vacío"
"Some of the data you entered is not valid. Please check again.","Algunos datos introducidos no son válidos. Compruébalo de nuevo."
"There are errors connecting to the UPS API servers. Please try again.","Se han producido errores al conectarse a los servidores API de UPS. Inténtalo otra vez."
"//======================= Shipment page","Página de Envío"
"Shipments","Envíos"
"By selecting any order in this shipment tab, I agree to the <a href='javascrip:void(0);' id='term-condition'>Terms and Conditions.</a>","Al seleccionar un pedido en esta pestaña de Envío, acepto los <a href='javascrip:void(0);' id='term-condition'>Términos y Condiciones</a>."
"UPS Tracking Terms and Conditions","Términos y Condiciones del Seguimiento UPS"
"NOTICE: The UPS package tracking systems accessed via this service (the &quot; Tracking Systems &quot;) and tracking information obtained through this service (the &quot; Information &quot;) is the private property of UPS. UPS authorizes you to use the Tracking Systems solely to track shipments tendered by or for you to UPS for delivery and for no other purpose. Without limitation, you are not authorized to make the Information available on any web site or otherwise reproduce, distribute, copy, store, use or sell the Information for commercial gain without the express written consent of UPS. This is a personal service, thus your right to use the Tracking Systems or Information is non-assignable. Any access or use that is inconsistent with these terms is unauthorized and strictly prohibited.","AVISO: Los sistemas de seguimiento de paquetes de UPS al que se accede a través de este servicio (los «Sistemas de seguimiento») y la información de seguimiento obtenida a través de este servicio (la «Información») son propiedad privada de UPS. UPS te autoriza a utilizar los sistemas de seguimiento de UPS solamente para el seguimiento de paquetes confiados a UPS por o para ti, para su entrega y para ningún otro propósito. Sin limitación, no estás autorizado(a) a presentar la Información sobre Envíos en un sitio web o de otro modo, reproducirla, distribuirla, copiarla, almacenarla, utilizarla o venderla con fines comerciales y de lucro sin la autorización expresa de UPS, otorgada por escrito. Se trata de un servicio personal, por lo que, el derecho de uso de los sistemas de seguimiento o la información es intransferible. Cualquier acceso o uso que no esté de acuerdo con estos términos no está autorizado y está estrictamente prohibido."
"Download PDF Label","Descargar la etiqueta PDF"
"Download ZPL Label","Descargar la etiqueta ZPL"
"Export Shipment Data","Exportación de Datos de envío"
"Cancel Shipments","Cancelar envíos"
"ID Shipment","ID de envío"
"Tracking Number","Número de seguimiento"
"Date","Fecha"
"Estimated Shipping Fee","Gastos de envío estimados"
"Shipment #","Envío #"
"Order #ID reference","Núm. ID de referencia del pedido"
"Package details","Detalles del paquete"
"Are you sure you want to cancel selected shipment(s)?","¿Seguro que deseas cancelar los envíos seleccionados?"
"Shipment Canceled","Envío cancelado"
"Archived Orders","Pedidos archivados"
"//======================= Additional",""
"Packaging:","Embalaje:"
"Access Point display setting:","Ajustes de visualización de Access Point:"
"Number of Access Points visible to customers:","Número de Access Point visibles para los clientes:"
"Display all the Access Points in range of:","Muestra todos los Access Point en un radio de:"
"Title:","Tratamiento:"
"Company:","Empresa:"
"Email:","Correo electrónico:"
"Phone &nbsp number:","Número de teléfono:"
"Phone &nbsp;number:","Número de teléfono:"
"Address type:","Tipo de dirección:"
"Address:","Dirección:"
"Postal code:","Código postal:"
"City:","Ciudad:"
"Country:","País:"
"Account Name:","Nombre de cuenta:"
"Account Number:","Número de cuenta:"
"Account number:","Número de cuenta:"
"Invoice Number:","Número de la factura:"
"Invoice Amount:","Importe de la factura:"
"Currency:","Moneda:"
"Currency ","Moneda:"
"Invoice date:","Fecha de la factura:"
"Name:","Nombre:"
"Phone:","Teléfono:"
"Customer:","Cliente:"
"Product:","Producto:"
"Shipping service:","Servicio de envío:"
"Order value:","Valor del pedido:"
"Payment status:","Estado del pago:"
"Access Point:","Access Point:"
"Payment Status:","Estado del pago:"
"Phone number:","Número de teléfono:"
"Package:","Paquete:"
"Estimated Shipping fee:","Gastos de envío estimados:"
"Estimated Shipping Fee:","Gastos de envío estimados:"
"Orders to be processed:","Pedidos que se procesarán:"
"Order #ID reference:","Núm. ID de referencia del pedido:"
"Package details:","Detalles del paquete:"
"Tracking number:","Número de seguimiento:"
"Accessorial Service:","Servicio complementario:"
"Accessorial service:","Servicio complementario:"
"If you are new to UPS, please refer to the following FAQs for additional information:","Si es la primera vez que entras en UPS, consulta las siguientes preguntas frecuentes para obtener más información:"
"VAT Number:","CIF:"
"Promo Code:","Código de promoción:"
"Country/Territory:","País/Territorio:"
"End of Business Day","A entregar a final del día laborable"
"//==============================Security Enhancement page",""
"Security Enhancement","Mejora de seguridad"
"SECURITY ENHANCEMENTS ACTIVATION","ACTIVACIÓN DE LAS MEJORAS DE SEGURIDAD"
"By installing UPS Plugin you gained this convenient option to apply UPS recommended Security Enhancements to your e-shop.By enabling particular security enhancements below you can make your e-shop less vulnerable to some common hackers' attacks."
"Note, you can keep UPS recommended Security Enhancements disabled if you have already implemented these security measures in other way (by tweaking your web servers configurations properly, by coding own Magento hooks or by using some other plugin that aims to implement the similar enhancements).","Mediante la instalación del complemento de UPS, conseguirás esta práctica opción que implementa los Aumentos de seguridad recomendados por UPS a tu tienda en línea. Para hacerla menos vulnerable a los ataques más comunes de los piratas informáticos, activa las siguientes mejoras de seguridad."
"Ten en cuenta que puedes tener desactivadas las mejoras de seguridad recomendadas por UPS si ya has implementado estas medidas de seguridad de otra forma: ajustando correctamente la configuración de tus servidores web, codificando tus propios hooks de PretaShop o usando otro complemento que implemente mejoras similares."
"Clickjacking Defense","Protección contra el clickjacking"
"See [wikipedia|https://en.wikipedia.org/wiki/Clickjacking] for more details. If you enable this defense, then UPS plugin will secure your store by communicating framing policy to user's browser through 'X-Frame-Options: Sameorigin' HTTP response header and by injecting 'frame-breaker' java script for legacy browsers.- UPS Plugin can secure your e-shop Front Office pages in accordance with OWASP recommended Clickjacking Defense Cheat Sheet Disable this defense if you wish to enable framing of your e-shop GUI on 3rd party websites; or if you have already implemented this defense differently.","Para más información, consulta [wikipedia|https://en.wikipedia.org/wiki/Clickjacking]. Si activas dicha protección, el complemento de UPS protegerá tu tienda comunicando la política de framing al navegador del usuario mediante el encabezado HTTP de respuesta 'X-Frame-Options: Sameorigin' e introduciendo un script frame-breaker de Java para los navegadores tradicionales.- El complemento de UPS puede proteger las páginas de Servicio al cliente de tu tienda en línea de acuerdo con la Hoja de referencia sobre protección contra el clickjacking recomendada por OWASP. Desactiva esta protección si quieres permitir el framing de la interfaz gráfica del usuario de tu tienda en línea en sitios web de terceros o si ya has implementado esta protección de otra forma."
"Use X-Frame-Options response header","Usa el encabezado de respuesta X-Frame-Options"
"Do not use","No uses"
"Deny","Deny"
"SameOrigin","SameOrigin"
"Use frame-killer script:","Usa el script frame-killer:"
"Use Content-Security-Policy response header","Usa el encabezado de respuesta Content-Security-Policy"
"frame-ancestors 'none'","frame-ancestors 'none'"
"frame-ancestors 'sefl'","frame-ancestors 'sefl'"
"Content Sniffing Prevention","Prevención contra el rastreo de contenido"
"See wikipedia for more details.If you check this option, UPS plugin will secure your e-shop Front Office by applying <br />X-Content-Type-Options: nosniff","Consulta Wikipedia para obtener más información. Si marcas esta opción, el complemento de UPS protegerá el Servicio al cliente de tu tienda en línea aplicando el encabezado HTTP de respuesta<br />X-Content-Type-Options: nosniff"
"HTTP Response Header to all Magento Front Office pages. That will prevent the client's browser (notably Internet Explorer) from MIME-sniffing a response away from the declared content-type. You may not really need this as your users are not supposed to upload any potentially harmful files to your e-shop (e.g. JavaScript instead of an Image). However, it is still good practice to enable this special security header as there is no performance penalty associated with it.","en todas las páginas de Servicio al cliente de PretaShop Esto evitará que el navegador del cliente (principalmente Internet Explorer) realice el olfateo MIME a una respuesta fuera del content-type declarado. Quizás no necesites esto, ya que los usuarios no deberían subir archivos potencialmente peligrosos a tu tienda en línea (por ejemplo, JavaScript en lugar de una imagen). Sin embargo, no pasa nada por activar este encabezado de seguridad especial, puesto que no se cree que afecte al rendimiento."
"Enables cross-site scripting filters in browsers that support the X-XSS-Protection directive","Activa los filtros de scripting cross-site en navegadores compatibles con la X-XSS-Protection"
"See wikipedia for more details.If you check this option, UPS plugin will secure your e-shop Front Office by applying <br />X-XSS-Protection: '1; mode=block' <br />HTTP response header to all Magento Front Office pages.","Consulta Wikipedia para obtener más información. Si marcas esta opción, el complemento de UPS protegerá el Servicio al cliente de tu tienda en línea aplicando <br />el encabezado HTTP de respuesta X-XSS-Protection:'1; mode=block' <br />a todas las páginas de Servicio al cliente de Magento."
"Protect your e-shop website against protocol downgrade attacks and cookie hijacking","Protege el sitio web de tu tienda en línea contra los ataques de degradación del protocolo y el pirateo de las cookies."
"See wikipedia for more details If you check this option, UPS plugin will secure your e-shop Front Office by applying <br />Strict-Transport-Security 'max-age=31536000; includeSubDomains' <br />HTTP response header to all Magento Front Office pages.","Consulta Wikipedia para obtener más información. Si marcas esta opción, el complemento de UPS protegerá el Servicio al cliente de tu tienda en línea aplicando <br />el encabezado HTTP de respuesta Strict-Transport-Security 'max-age=31536000; includeSubDomains' <br />a todas las páginas de Servicio al cliente de Magento."
"Prevent sensitive pages from caching by browser.","Evita que el navegador almacene las páginas confidenciales."
"See OWASP FAQs for more details. If you check this option, UPS plugin will secure the Checkout process by applying <br />Cache-Control: no-cache, no-store<br />Expires: 0 <br />Pragma: no-cache<br />HTTP response headers to the corresponding pages","Consulta las preguntas frecuentes de OWASP para obtener más información. Si marcas esta opción, el complemento de UPS protegerá el proceso de pago aplicando los encabezados HTTP de respuesta <br />Cache-Control: no-cache, no-store <br />Expires: 0 <br />Pragma: no-cache <br />a las páginas correspondientes"
"Apply to pages","Aplicar a las páginas"
"All","Todas"
"Checkout only","Solo las del proceso de pago"
"Data saved successfully.","La información se ha guardado correctamente."
"We couldn't find any records","No hemos podido encontrar registros"
"Please wait…","Espere..."
"Archiving Orders","Archivar pedidos"
"There is no shipping service for the above address","No hay servicio de envío para la dirección anterior"
"The email is not empty","El campo del correo electrónico no está vacío"
"The country is not empty","El campo del país no está vacío"
"Select all","Seleccionar todo"
"Unselect all","Desmarcar todo"
"Do not have label for this Tracking ID","No tiene una etiqueta para este ID de seguimiento"
"Print Label or download file.","Imprimir la etiqueta o descargar el archivo."
"Connection error, try later to install and configure","Error de conexión. Intenta instalarlo y configurarlo más tarde"
"We are unable to void this shipment at this time. You may attempt to void the shipment later. However you will not be billed for this shipment provided that you do not use the shipping label","No podemos anular tu envío en este momento. Intenta anular el envío más tarde. Por otro lado, no se te facturará este envío, ya que usas la etiqueta de envío"
"Estimated Fee","Gastos estimados"
"Shipping fee","Gastos de envío"
"Poland","Polonia"
"United Kingdom","Reino Unido"
"France","Francia"
"Germany","Alemania"
"Italy","Italia"
"Netherlands","Países Bajos"
"Spain","España"
"Belgium","Bélgica"
"United States","Estados Unidos"
"Shipment Manager","Gestor de envíos"
"Default Package","Embalaje predeterminado"
"Order Time","Hora de pedido"
"Time","Hora"
"Warning", "¡Advertencia"
"Un-Archive Orders","Pedidos no archivados"
"Un-Archiving Orders","Pedidos no archivados"
"Warning! Un-Archiving orders will move your orders to Open Orders tab. Click 'OK' to continue, 'Cancel' to go back to the screen.","¡Advertencia! Los pedidos no archivados se mostrarán en la pestaña de Pedidos abiertos. Haz clic en «Aceptar» para continuar o en «Cancelar» para volver a la pantalla anterior."
"Warning! Maximum allowable per package weight for shipments created for UPS Access Points is 20.00 kgs or 44.09 lbs.","¡Advertencia! El peso máximo permitido por paquete para los envíos de UPS Access Point es de 20 kg o 44.09 libras."
"Error! Maximum allowable per package weight is 70.00 kgs or 154.32 lbs.","Error: El peso máximo permitido por paquete es de 70 kg o 154.32 libras."
"Error! Package exceeds the maximum allowable size of 400 cm or 157.48 inches (the maximum allowable size calculation = length + 2 * width + 2 * height).","Error: El paquete supera las dimensiones máximas permitidas de 400 cm o 157.48 pulgadas (el cálculo de las dimensiones máximas se obtiene de la fórmula = largo + 2* ancho + 2* altura)."
"NOTE: If you have an existing UPS account number, please use the exact registered pickup address (which might be different from your invoice billing address) associated with this account number. Please note that the format of the postal code or zip code should exactly match the one provided in the registered pickup address.","NOTA: Si tienes un número de cuenta de UPS, usa la misma dirección de recogida registrada (puede ser distinta a la dirección de facturación) con ese número de cuenta. Tenga en cuenta que el formato del código postal debe ser el mismo que el registrado en la dirección de recogida."
"Pickup Address:","Dirección de recogida:"
"Pickup Postal Code:","Código postal de recogida:"
"Use registered pickup address. <br />If you have any difficulties understanding which address to use, please contact your local UPS sales representative or call the support phone number provided on the “About” page","Usar la dirección de recogida registrada. <br />Si tienes problemas para saber qué dirección usar, ponte en contacto con tu representante de ventas UPS local o llama al número de ayuda que encontrarás en la página Sobre nosotros"
"The format of the postal code should exactly match the one provided in the registered pickup address. If you have any difficulties understanding which address to use, please contact your local UPS sales representative or call the support phone number provided on the “About” page","El formato del código postal debe ser el mismo que el registrado en la dirección de recogida. Si tienes problemas para saber qué dirección usar, ponte en contacto con tu representante de ventas UPS local o llama al número de ayuda que encontrarás en la página Sobre nosotros "
"UPS Shipping and UPS Access Point™ : Official Plugin","Servicio UPS Shipping y UPS Access Point™: complemento oficial"
"This module allows you to easily integrate UPS services into your store with a range of guaranteed delivery services (including deliveries to UPS Access Points™) to meet your customers' need for speed and budget.","Este módulo te permite integrar de manera sencilla los servicios de UPS en tu tienda, con una amplia variedad de servicios de entrega garantizados (se incluye las entregas de UPS Access Points™) a un precio y velocidad que necesiten tus clientes."
"UPS Shipping and UPS Access Point™: Official Module ","Servicio UPS Shipping y UPS Access Point™: Módulo oficial "
"Warning! Maximum allowable per package size for shipments created for UPS Access Points is 330 cm or 129.92 inches (the maximum allowable size calculation = length + 2 * width + 2 * height).","¡Advertencia! Las dimensiones máximas permitidas por paquete para los envíos de UPS Access Points son de 330 cm o 129.92 pulgadas (el cálculo de las dimensiones máximas se obtiene de la fórmula = largo + 2* ancho + 2* altura)."
"Release to Germany, Spain & United Kingdom markets","Lanzamiento a los mercados de Alemania, España y Reino Unido"
"Release on Italy, Netherlands and Belgium Market", "Lanzamiento en el mercado de Italia, Países Bajos y Bélgica"
"Un-Archive Orders","Desarchivar pedidos"
