"//======================= About page","Page À propos"
"About","À propos"
"UPS has partnered up with Magento to offer a free UPS Shipping and UPS Access Point™ Module that will allow you to integrate and offer a wide range of UPS shipping & delivery solutions directly on your website check-out process! This official UPS Module for Magento gives your customers access to our expansive UPS Access Point network and delivery services.","UPS s’associe à Magento pour vous offrir une expédition UPS gratuite et le module UPS Access Point™ qui vous permettra d’intégrer et de proposer une large variété de solutions d’expédition et de livraison UPS directement sur la page de confirmation de commande de votre site web ! Ce module officiel d’UPS pour Magento permet à vos clients d’avoir accès à notre vaste réseau UPS Access Point et à nos services de livraison."
"Features of this product","Caractéristiques du produit"
"Front Office","Service clientèle"
"Simple & easy map interface for your customers to select UPS Access Point as per their preference.","Une interface cartographique simple et intuitive pour que vos clients sélectionnent l’UPS Access Point qui leur convient."
"User-friendly interface for your customers to switch from Access Point delivery to home delivery.","Une interface conviviale permettant à vos clients de passer facilement de la livraison en Access Point à la livraison à domicile."
"Real time UPS shipping rate or flat rates for each available service (as per merchant’s back office settings).","Tarifs d’expédition d’UPS en temps réel ou tarifs fixes pour chaque service disponible (selon les paramètres de l’administration du marchand)."
"Back Office","Service administratif"
"Range of options to set up delivery rates that your customers will see (for example: free shipping, real time shipping rates, or flat rates as per basket value thresholds).","Une variété d’options pour définir les tarifs de livraison que vos clients verront (par exemple : livraison gratuite, tarifs d’expédition en temps réel ou tarifs fixes par palier de valeur du panier)."
"Possibility to open a UPS account directly in the module itself, if you do not have one.","Possibilité d’ouvrir un compte UPS directement dans le module, si vous n’en avez pas déjà un."
"Easy PDF label generation.","Génération rapide d’étiquettes au format PDF."
"Real time tracking information.","Informations de suivi en temps réel."
"Ability to export open orders so that you can process them in other applications for more complex needs.","Possibilité d’exporter les commandes ouvertes afin de les traiter dans d’autres applications en cas de besoins plus complexes."
"Module version number and release date","Numéro de version du module et date de lancement"
"Module version v","Version du module : v"
"Release date ","Date de lancement : "
"Changelog","Journal des modifications"
"Platform compatibility statement","Déclaration de compatibilité de plateforme"
"Compatible with Magento versions 2.1, 2.2, 2.3","Compatible avec les versions Magento suivantes: 2.1, 2.2, 2.3"
"UPS Shipping Module website","Site web du module d’expédition UPS"
"For more information visit <a href='https://www.ups.com/%1/%2/services/technology-integration/ecommerce-plugins.page' target='_blank'>https://www.ups.com/%1/%2/services/technology-integration/ecommerce-plugins.page</a>","Pour plus d’informations, veuillez visiter le site <a href='https://www.ups.com/%1/%2/services/technology-integration/ecommerce-plugins.page' target='_blank'>https://www.ups.com/%1/%2/services/technology-integration/ecommerce-plugins.page</a>"
"For more information visit","Pour plus d’informations, veuillez visiter le site"
"Netherlands_no_delete",""
"Support information","Informations sur l’assistance"
"For assistance with installing, upgrading, or using UPS Shipping Module, please contact UPS at -","Pour obtenir de l’aide avec l’installation, les mises à jour ou l’utilisation du module d’expédition UPS, veuillez contacter UPS au:"
"Poland +48 (0) 22 203 03 21","Pologne +33-(0)157324060"
"UPS Shipping Module","Module d’expédition UPS"
"UPS Shipping","Expédition UPS"
"Shipment management","Gestion de l’expédition"
"//======================= Country page","Page Pays"
"Country setting","Paramétrage du pays"
"Country Setting","Paramétrage du pays"
"Please select your country/territory","Veuillez sélectionner votre pays/territoire"
"Continue","Continuer"
"//======================= Terms and Condition page","Page Conditions générales"
"UPS Terms and Conditions","Conditions générales d’UPS"
"I agree to the UPS Technology Agreement and confirm that I've been given enough time to read it and understand that it contains important terms about my use of UPS Technologies, like limiting UPS's liability and my agreement on how disputes between UPS and me will be handled","J’accepte les conditions du contrat d’utilisation des technologies UPS et je confirme avoir disposé de suffisamment de temps pour le lire, et je comprends qu’il contient des termes importants concernant l’utilisation des technologies UPS, comme des termes limitant la responsabilité d’UPS, et des informations concernant la manière dont les litiges entre UPS et moi seront traités."
"I agree to the UPS Technology Agreement and confirm that I've been given enough time to read it and understand that it contains important terms about my use of UPS Technologies,","J’accepte les conditions du contrat d’utilisation des technologies UPS et je confirme avoir disposé de suffisamment de temps pour le lire,"
" like"," et"
" limiting UPS's liability and my agreement on how disputes between UPS and me will be handled"," je comprends qu’il contient des termes importants concernant l’utilisation des technologies UPS, comme des termes limitant la responsabilité d’UPS, et des informations concernant la manière dont les litiges entre UPS et moi seront traités."
"Print","Imprimer"
"Number of items in order","Nombre d'articles en commande"
"Add Backup Rate","Ajouter un taux de sauvegarde"
"Cannot get Term & Condition","Impossible d’obtenir les conditions générales"
"//======================= Account Page","Page Compte"
"Account","Compte"
"ACCOUNT","COMPTE"
"For more information on UPS Plugins please click <a target='_blank' href='https://www.ups.com/%1/%2/services/technology-integration/ecommerce-plugins.page'>this link</a> (opens in a new browser window)","Pour plus d’information sur les extensions UPS, veuillez cliquer sur  <a target='_blank' href='https://www.ups.com/%1/%2/services/technology-integration/ecommerce-plugins.page'>ce lien</a> (ouvre une nouvelle fenêtre de navigation)"
"Please fill the form below to start configuring UPS plug-in for your e-commerce website","Veuillez remplir le formulaire ci-dessous pour démarrer la configuration de l’extension UPS pour votre site de e-commerce"
"Title","Titre"
"Full name","Nom complet"
"Full Name","Nom complet"
"Company","Société"
"Email","E-mail"
"Phone number","Numéro de téléphone"
"Address type","Type d’adresse"
"Address","Adresse"
"Postal code","Code postal"
"City","Ville"
"Country/Territory","Pays/Territoire"
"Example: Warehouse, Branch #1, etc.","Exemple : Entrepôt, n° d’antenne, etc."
"Example: Warehouse, Branch #1","Exemple : Entrepôt, n° d’antenne"
"Street Address","Adresse postale"
"Apartment, Suite, Unit, Building, Floor, etc.","Appartement, bureau, unité, bâtiment, étage, etc."
"Department, c/o, etc.","Service, etc."
"Mr","Monsieur"
"Miss","Mademoiselle"
"Mrs","Madame"
"Ms","Mme"
"I have a UPS Account Number WITH an invoice occurred in the last 45 days (90 days if your account is in the US or Canada)","Je possède un numéro de compte UPS AVEC une facture émise durant les 45 derniers jours (90 jours si votre compte se trouve aux États-Unis ou au Canada)"
"I have a UPS Account Number WITHOUT an invoice occurred in the last 45 days (90 days if your account is in the US or Canada)","Je possède un numéro de compte UPS SANS facture émise durant les 45 derniers jours (90 jours si votre compte se trouve aux États-Unis ou au Canada)"
"I do not have a UPS Account Number and would like to get one from the plug-in","Je ne possède pas de numéro de compte UPS et je souhaiterais en obtenir un avec l’extension"
"I do not have a UPS Account Number and would ","Je ne possède pas de numéro de compte UPS et je "
"like","souhaiterais"
" to get one from the plug-in"," en obtenir un avec l’extension"
"The invoice should be 1 of the last 3 issued by UPS in last 45 days (90 days if your account is in the US or Canada)","La facture doit être l’une des trois dernières émises par UPS dans les 45 derniers jours (90 jours si votre compte se trouve aux États-Unis ou au Canada)"
"Account name","Nom du compte"
"Account number","Numéro de compte"
"Invoice number","Numéro de facture"
"Invoice amount","Montant facturé"
"Currency ","Monnaie"
"Currency","Monnaie"
"Invoice date","Date de la facture"
"VAT number","Numéro de TVA"
"Promo Code","Code promotionnel"
"Please Note: Shippers are prohibited from shipping dangerous goods or hazardous materials using the account opened in this application.","Remarque : il est interdit aux expéditeurs d’envoyer des biens ou des marchandises dangereuses avec le compte ouvert sur cette application."
"Your account will support deliveries to authorized UPS Access Point™ locations after 24 hours.","Votre compte prendra en charge les livraisons vers des relais UPS Access Point™ agréés après 24 heures."
"You can find more information on dangerous goods and how UPS can support you shipping them on this link <br /><a target='_blank' href=https://www.ups.com/%1/%2/help-center/packaging-and-supplies/special-care-shipments/global-dangerous-goods.page>[https://www.ups.com/%1/%2/help-center/packaging-and-supplies/special-care-shipments/global-dangerous-goods.page]</a>","Vous pouvez obtenir plus d’informations sur les marchandises dangereuses et sur la manière dont UPS peut prendre en charge ces expéditions en cliquant sur ce lien<br /><a target='_blank' href=https://www.ups.com/%1/%2/help-center/packaging-and-supplies/special-care-shipments/global-dangerous-goods.page>[https://www.ups.com/%1/%2/help-center/packaging-and-supplies/special-care-shipments/global-dangerous-goods.page]</a>"
"Reference name that will be associate with an account. For example warehouse 1, warehouse 2,  Store 1, Store 2 etc. You can freely chose the name as per your requirement","Nom de référence qui sera associé au compte. Par exemple entrepôt 1, entrepôt 2, magasin 1, magasin 2, etc. Vous pouvez choisir librement le nom selon votre situation."
"The postal code or zip code associated with your UPS account. It can be found on the top on each page of your UPS invoice under 'Purchaser'","Le code postal associé à votre compte UPS. Vous pouvez le retrouver en haut de chaque page de votre facture UPS sous « Acheteur »"
"The name associated with your UPS account. It can be found on the top on each page of your UPS invoice under 'Purchaser'","Le nom associé à votre compte UPS. Vous pouvez le retrouver en haut de chaque page de votre facture UPS sous « Acheteur »"
"A unique six character alphanumeric number that identifies your account. It can be found on the top left side on each page of your UPS invoice","Un numéro unique à six caractères alphanumériques qui identifie votre compte. Vous pouvez le retrouver en haut à gauche de chaque page de votre facture UPS"
"A unique 12 digit number assigned by UPS to an invoice. It can be found on the top left side on each page of your UPS invoice","Un numéro unique à 12 chiffres délivré par UPS à une facture. Vous pouvez le retrouver en haut à gauche de chaque page de votre facture UPS"
"Total Amount Due for the given invoice. It can be found on the 'Summary of Charges' table on the first page on the invoice","Montant total à payer pour la facture donnée. Vous pouvez le retrouver dans le tableau « Résumé des tarifs » sur la première page de la facture"
"Date of issuing the invoice. It can be found on the top left side on each page of your UPS invoice","Date d’émission de la facture. Vous pouvez le retrouver en haut à gauche de chaque page de votre facture UPS"
"Get started","Commencer"
"Some of the data you entered is not valid. Please check again.","Certaines des données que vous avez saisies ne sont pas valides. Veuillez revérifier."
"Cannot create new Account Number","Impossible de créer un nouveau numéro de compte"
"Email is not correct format","Le format de l’adresse e-mail est incorrect"
"Your request to create a UPS Shipping Account was not successful. Please check the 'City' and 'Postal code' values that you entered. Here are some suggestions on the City and Postal code that are a valid combination - ","Votre demande de création de compte d’expédition UPS a échoué. Veuillez vérifier les valeurs des champs « Ville » et « Code postal » que vous avez saisies. Voici des suggestions de combinaisons correctes de ville et code postal : "
"Please update the city and postal code values with one of these selections and click Get Started","Veuillez mettre à jour les valeurs des champs « Ville » et « Code postal » avec l’une de ces sélections, puis cliquez sur « Démarrer »"
"Configuration","Configuration"
"//======================= Account Success Page","Page Création de compte réussie"
"Your UPS Profile","Votre profil UPS"
"Your Payment Account","Votre compte de paiement"
"Add another account number","Ajouter un autre numéro de compte"
"Please enter the address attached to your account number","Veuillez saisir l’adresse rattachée à votre numéro de compte"
"Phone","Téléphone"
"Verify","Vérifiez"
"Next","Suivant"
"Remove","Retirer"
"Account number already exists in 'Your Payment Account'","Ce numéro de compte existe déjà dans « Votre compte de paiement »"
"Full name:","Nom complet:"
"Remove Account","Retirer un compte"
"This account will be removed. Click Ok to confirm, close the dialog to cancel.","Ce compte sera retiré. Cliquez sur OK pour confirmer, fermez la boîte de dialogue pour annuler."
"Your UPS account has been successfull registered","Votre compte UPS a bien été enregistré"
"//======================= Shipping Services page","Page Services d’expédition"
"Shipping Services","Services d’expédition"
"Select the UPS services you want to be visible in the checkout for your e-shoppers. To learn more about UPS services, refer UPS Tariff/Terms and Conditions of Service on UPS.COM","Sélectionnez les services UPS que vous voulez proposer à vos clients lors du processus de confirmation de commande. Pour en savoir plus les services UPS, consultez les Tarifs/Conditions générales du service UPS sur UPS.COM"
"Deliver to UPS Access Point™ (to-AP delivery)","Livrer en relais UPS Access Point™ (livraison en AP)"
"UPS delivers the parcel to a UPS Access Point™ that the customer selected, then customer picks up their order there","UPS livre le colis dans un relais UPS Access Point™ sélectionné par le client, puis le client vient retirer sa commande sur place"
"Yes","Oui"
"No","Non"
"Set as default shipping option","Définir comme option d’expédition par défaut"
"Select the shipping services for your customers to choose","Sélectionnez les services d’expédition que vos clients pourront choisir"
"International shipping only - visible, when shipping address is outside of EU","Expédition internationale uniquement : visible, pour les adresses hors UE"
"Access Point display setting:","Paramètre d’affichage d’un relais Access Point:"
"Number of Access Points visible to customers:","Nombre de relais Access Point visibles par les clients:"
"Display all the Access Points in range of:","Afficher tous les relais Access Point dans un rayon de:"
"kilometer around consignee's selected address","kilomètres autour de l’adresse sélectionnée par le destinataire"
"Choose Account Number for this option","Choisissez un numéro de compte pour cette option"
"Deliver to consignee address (to-address delivery)","Livrer à l’adresse du destinataire (livraison à l’adresse du destinataire)"
"UPS delivers the parcel to the shipping address provided by customer.","UPS livre le colis à l’adresse de livraison fournie par le client."
"Cut off time","Heure limite d’expédition"
"The cut off time selected here will be used in calculating the schedule delivery date and time, which will be displayed on your website checkout.","L’heure limite d’expédition sélectionnée ici sera utilisée pour calculer la date et l’heure de la livraison, qui s’afficheront sur la page de confirmation de commande de votre site web."
"For example, if the cut off time is selected as 5 PM and your e-shoppers views your webstore at 5.01 PM, all UPS scheduled delivery dates and time will be calculated from the following business day. When deciding this cut off time, please ensure that you have sufficient time to fulfill the order before the UPS scheduled pick up or you are able to drop off the packages at a UPS Access Point™.","Par exemple, si l’heure limite d’expédition sélectionnée est 17 h et que votre client est sur votre boutique en ligne à 17 h 01, toutes les dates et heures de livraison d’UPS seront calculées à partir du prochain jour ouvrable. Lorsque vous choisissez l’heure limite d’expédition, assurez-vous d’avoir assez de temps pour préparer la commande avant l’enlèvement programmé par UPS ou de pouvoir déposer les colis dans un relais UPS Access Point™."
"If you are unsure about fulfilling customer orders on the same day, you can select 'Disable' which will result in the e-shopper seeing a generic delivery schedule for each available UPS service. For Example; 'UPS® Standard - In most cases, delivered within 1 to 3 business days in Europe.'","Si vous ne pensez pas avoir le temps de préparer les commandes des clients le jour même, vous pouvez sélectionner « Désactiver » et votre client verra un délai de livraison générique pour chaque service UPS disponible. Par exemple : « UPS® Standard — généralement livré sous 1 à 3 jours ouvrables en Europe. »"
"Save","Sauvegarder"
"Please select at least one shipping service.","Veuillez sélectionner au moins un service d’expédition."
"UPS Access Point™ Economy","UPS Access Point™ Economy"
"UPS® Standard","UPS® Standard"
"UPS Expedited®","UPS Expedited®"
"UPS Express Saver®","UPS Express Saver®"
"UPS Express®","UPS Express®"
"UPS Express Plus®","UPS Express Plus®"
"//======================= Collect on Delivery (COD) page","Page Contre remboursement (COD)"
"Collect on Delivery (COD)","Contre remboursement (COD)"
"You have the official Magento COD module enabled!","Votre module COD officiel de Magento est activé !"
"Only show Access Points supporting COD shipments?","Afficher uniquement les relais Access Point prenant en charge les expéditions COD ?"
"Select 'YES' if you plan to offer COD shipments to a UPS Access Point™","Sélectionnez « OUI » si vous prévoyez de proposer les expéditions COD vers des relais UPS Access Point™"
"The COD Shipping service of this plug-in is automatically compatible with the official Collect on Delivery (COD) module by Magento.","Le service d’expédition COD de cette extension est automatiquement compatible avec le module de contre remboursement (COD) officiel d’Magento."
"You do not have the official Magento COD module installed and/or enabled!","Le module COD officiel de Magento n’est pas installé et/ou activé !"
"The COD Shipping service of this plugin is automatically compatible with the official Cash on Delivery (COD) module by Magento.","Le service d’expédition COD de cette extension est automatiquement compatible avec le module de contre remboursement (COD) officiel de Magento."
"If you want the UPS Shipping module to automatically detect COD shipments, <strong>please make sure that you have installed Magento's Collect on Delivery (COD)</strong>. If you already have Magento's Collect on Delivery (COD) module installed, <strong>please make sure that the module is enabled</strong>. [<a href='https://docs.magento.com/m2/ce/user_guide/payment/cash-on-delivery.html' target='_blank'>Click here</a>] for detailed guidance.","Si vous souhaitez que le module d’expédition UPS détecte automatiquement les expéditions COD, veuillez vous assurer d’avoir installé le module de contre remboursement (COD) de Magento. Si vous avez déjà installé le module de contre remboursement (COD) de Magento, veuillez vous assurer que le module est activé. [<a href='https://docs.magento.com/m2/ce/user_guide/payment/cash-on-delivery.html' target='_blank'>Cliquez ici</a>] pour obtenir des instructions détaillées."
"COD Option","Option COD"
"//======================= Package Dimensions page","Page Dimensions du colis"
"Package Dimensions","Dimensions du colis"
"Default Package Setting","Paramétrage du colis par défaut"
"Default package setting","Paramétrage du colis par défaut"
"Please enter weight and dimensions of your packaging here. You can add multiple package dimensions, which can be easily selected in a dropdown option when creating shipments in the plug-in.","Veuillez saisir le poids et les dimensions de votre colis ici. Vous pouvez ajouter plusieurs dimensions de colis, qui peuvent être facilement sélectionnées dans une option déroulante lors de la création des expéditions dans l’extension."
"In case you decide to show the real time UPS shipping rate (to be configured in the next screen) to the e-shoppers, the plug-in will use the first package, referred to as the 'Default Package' that is displayed below. The Default Package's weight and dimensions will be used to calculate the UPS shipping rates that will be displayed to the e-shoppers.","Si vous décidez d’afficher les tarifs d’expédition d’UPS en temps réel (à configurer à l’écran suivant) pour vos clients, l’extension utilisera le premier colis, appelé « Colis par défaut » et affiché ci-dessous. Le poids et les dimensions du colis par défaut seront utilisés pour calculer les tarifs d’expédition d’UPS qui seront affichés aux clients."
"Add New Package","Ajouter un nouveau colis"
"Package name","Nom du colis"
"Example: Standard, Large, Phone box, etc.","Exemple : standard, gros, boîte de téléphone, etc."
"Weight","Poids"
"Unit","Unité"
"Dimension","Dimension"
"Add Package","Ajouter un colis"
"Length","Longueur"
"Width","Largeur"
"Height","Hauteur"
"The name Package is exist.","Le nom du colis existe déjà."
"Edit","Modifier"
"Delete","Supprimer"
"Editing Default Package","Modifier le colis par défaut"
"Remove Package","Supprimer le colis"
"You are going to remove this default package from your profile. Click Ok to confirm, close the dialog to cancel.","Vous êtes sur le point de retirer ce colis par défaut de votre profil. Cliquez sur OK pour confirmer, fermez la boîte de dialogue pour annuler."
"OK","OK"
"Please input at least one default package to continue.","Veuillez entrer au moins un colis par défaut pour continuer."
"Please select an option","Veuillez sélectionner une option"

"Basic (number of items in the e-shopper order determine the package size)","Option de base (le nombre d’articles dans la commande en ligne détermine la taille du colis)"

"Advanced (weights and dimensions of products in the e-shopper order determine the package size)","Option avancée (les poids et les dimensions des articles de la commande en ligne déterminent la taille du colis)"

"Package dimensions:","Dimensions de colis:"

"Note: the plugin will create a custom package size if an e-shopper order is larger than the packages you enter","Remarque : Le plug-in créera une taille de colis personnalisée si les dimensions d’une commande en ligne sont supérieures à celles des colis que vous saisissez"

"Warning! To use this option you must enter product weights in the product settings of your shop.","Attention ! Pour utiliser cette option, vous devez saisir le poids du produit dans les paramètres du produit de votre boutique."

"Include dimensions in rating","Inclure les dimensions pour définir le tarif"

"Yes","Oui"
"No","Non"
"If set to “No”, rates will be based on product weights only.&nbsp; If set to “Yes”, product dimensions must be entered in the product settings of your shop","Si « Non » est sélectionné, les tarifs seront basés uniquement sur le poids des produits.  Si « Oui » est sélectionné, vous devez saisir les dimensions du produit dans les paramètres du produit de votre boutique"
"Name","Nom"
"Length","Longueur"
"Width","Largeur"
"Height","Hauteur"
"Weight","Poids"
"Max Weight","Poids maximum"
"Backup rate:","Tarif d’urgence:"
"Service Name","Nom du service"
"Rate","Tarif"
"Backup rate will only display to e-shoppers if there is an issue within product settings, such as weights missing or if weights/dimensions exceed UPS limits","Les acheteurs en ligne ne verront les tarifs d’urgence que si un problème survient dans les paramètres du produit, par exemple si le poids n’est pas indiqué ou si le poids et les dimensions dépassent les limites autorisées par UPS."
"Add default packages if you would like the package size used for rating to change based on the number of items in the e-shopper’s order","Ajoutez des colis par défaut si vous souhaitez que la taille du colis utilisée pour définir le tarif change en fonction du nombre d’articles figurant dans la commande de l’acheteur en ligne."
"Note: if the number of items in the e-shopper order do not match any of your entries, then the size of the package used for rating will be based on that of the highest item count exceeded by the e-shopper order.","Remarque : si le nombre d’articles figurant dans la commande de l’acheteur en ligne ne correspond à aucune de vos entrées, la taille du colis utilisée pour définir le tarif sera basée sur celle du nombre d’articles le plus élevé dépassé par la commande de l’acheteur en ligne."
"//======================= Checkout Shipping Rates page","Page Confirmation des tarifs d’expédition"
"Checkout Shipping Rates","Confirmation des tarifs d’expédition"
"Ship to UPS Access Point&trade;","Livrer en UPS Access Point™"
"Flat rates","Taux uniformes"
"Real time shipping rates","Tarifs d’expédition en temps réel"
"Delivery rates is","Les tarifs de livraison s’élèvent à"
"% of UPS shipping rates","% des tarifs d’expédition d’UPS"
"The e-shopper will see the % of real time UPS rates. These rates are calculated using the default package weight and dimensions that you configured in the previous screen (Package Dimensions).","Le client verra le % des tarifs d’UPS en temps réel. Ces tarifs sont calculés en fonction du poids et des dimensions du colis par défaut que vous avez configuré à l’écran précédent (Dimensions du colis)."
"Please Note:<br />1. UPS real time shipping rates are exclusive of VAT. If you want to display the rates including VAT, please add the VAT % to the shipping rate. E.g. If VAT is 23%, and you want to display rates including VAT, you should insert 123% above.<br />2. The e-shopper may select COD as a payment option within the Magento checkout after the shipping rates are calculated. In this scenario, UPS COD surcharges which will be billed, are not added to the displayed shipping rates automatically. This is due to the order in which Magento displays shipping and payment options.","Remarque :<br />1. Les tarifs d’expédition d’UPS en temps réel n’incluent pas la TVA. Si vous voulez afficher les tarifs en incluant la TVA, veuillez ajouter le taux de TVA en % au tarif d’expédition. Par exemple, si la TVA s’élève à 23 % et que vous souhaitez afficher les tarifs en incluant la TVA, vous devez saisir 123 % au-dessus.<br />2. Le client peut sélectionner l’option de paiement COD lors de la confirmation de commande dans Magento après le calcul des tarifs d’expédition. Dans ce scénario, les surcoûts du COD d’UPS, qui seront facturés, ne sont pas ajoutés automatiquement aux tarifs d’expédition affichés. Ceci est dû à la commande pour laquelle Magento affiche les options d’expédition et de paiement."
"Ship to Address","Adresse du destinataire"
"Order Value Threshold","Palier de valeur de commande"
"Delivery rates","Tarifs de livraison"
"The minimum thresholds can not be the same.","Les paliers minimum ne peuvent pas être les mêmes."
"//======================= Complete Configuration page","Page Terminer la configuration"
"Complete Configuration","Terminer la configuration"
"You can start shipping now!","Vous pouvez maintenant expédier vos colis !"
"Click on the 'Complete Configuration' button to finish the configuration of the plug-in and start offering UPS shipping services on your website.","Cliquez sur le bouton « Terminer la configuration » pour terminer la configuration de l’extension et commencer à proposer les services d’expédition d’UPS sur votre site web."
"If you are new to UPS, please refer to the following FAQs for additional information:","Si vous découvrez UPS, veuillez consulter la FAQ suivante pour en savoir plus."
"1) How do I get more information about my new UPS shipping account?<br />If you opened a new UPS shipping account from the plug-in, a confirmation email with more information will be sent to the email address that you entered while creating the new account.","1. Comment puis-je en savoir plus sur mon nouveau compte d’expédition UPS ?<br />Si vous venez d’ouvrir un compte d’expédition UPS à partir de l’extension, un e-mail de confirmation contenant plus d’information vous sera envoyé à l’adresse e-mail que vous avez renseignée lors de la création de votre nouveau compte."
"2) How do I prepare my packages for UPS collection or drop off to a UPS Access Point™?<br />Refer to the package preparation recommendations at this link - <a href='https://www.ups.com/%1/%2/services/individual-shipper/preparing-to-ship.page' target='_blank'>https://www.ups.com/%1/%2/services/individual-shipper/preparing-to-ship.page</a>","2. Comment dois-je préparer mes colis pour l’enlèvement ou le dépôt dans un UPS Access Point™ ?<br />Consultez les recommandations de préparation du colis à cette adresse : <a href='https://www.ups.com/%1/%2/services/individual-shipper/preparing-to-ship.page' target='_blank'>https://www.ups.com/%1/%2/services/individual-shipper/preparing-to-ship.page</a>"
"3) How do I give my packages to UPS?<br />You can drop you packages at any authorized UPS location such as a UPS Access Point™. Click below to search for a convenient access point location near you.","3. Comment dois-je remettre mes colis à UPS?<br />Vous pouvez déposer vos colis dans tous les centres UPS agréés comme les UPS Access Point™. Cliquez ci-dessous pour trouver un centre près de chez vous."
"You can also ask UPS to pickup packages from your warehouse or business address. If you need an occasional pickup, you can directly schedule a pickup from UPS.COM using this link - <a href='https://wwwapps.ups.com/pickup/schedule?loc=%1' target='_blank'>https://wwwapps.ups.com/pickup/schedule?loc=%1</a>","Vous pouvez également demander à UPS de venir chercher vos colis dans votre entrepôt ou à votre adresse commerciale. Si vous avez besoin d’un enlèvement occasionnel, vous pouvez directement planifier un enlèvement sur UPS.COM à cette adresse :  <a href='https://wwwapps.ups.com/pickup/schedule?loc=%1' target='_blank'>https://wwwapps.ups.com/pickup/schedule?loc=%1</a>"
"If you have UPS packages on most business days and would prefer a regular UPS pickup, you can email a completed and signed Pickup form to the following email address - konto@ups.com. Then a UPS representative will be in touch with you to discuss a daily UPS pickup.","Si vous devez expédier des colis UPS plusieurs fois par semaine et que vous préfèreriez un enlèvement UPS régulier, vous pouvez contacter UPS au numéro de téléphone indiqué à la rubrique « Questions de facturation  <a href='https://www.ups.com/%1/%2/help-center/contact.page' target='_blank'>ici</a> ». Un représentant UPS vous contactera pour discuter d'un enlèvement UPS quotidien."
"If you have UPS packages on most business days and would prefer a regular UPS pickup, you can contact UPS by calling at the phone number provided under Billing Questions <a href='https://www.ups.com/%1/%2/help-center/contact.page' target='_blank'>here</a>. Then a UPS representative will be in touch with you to discuss a daily UPS pickup.","Si vous devez expédier des colis UPS plusieurs fois par semaine et que vous préfèreriez un enlèvement UPS régulier, vous pouvez contacter UPS au numéro de téléphone indiqué à la rubrique « Questions de facturation  <a href='https://www.ups.com/%1/%2/help-center/contact.page' target='_blank'>ici</a> ». Un représentant UPS vous contactera pour discuter d'un enlèvement UPS quotidien."
"4. What steps do I need to take to set up a UPS Collect on Delivery (COD) service?<br />You can contact UPS by calling at the phone number provided under Billing Questions <a href='https://www.ups.com/%1/%2/help-center/contact.page' target='_blank'>here</a>. Then a UPS representative will be in touch with you to discuss the COD service.","4. Quelles étapes dois-je suivre pour mettre en place un service de contre remboursement (COD) UPS ?<br />Vous pouvez contacter UPS en composant le numéro indiqué à la section « Questions de facturation <a href='https://www.ups.com/%1/%2/help-center/contact.page' target='_blank'>ici</a> ». Un représentant UPS vous contactera pour discuter avec vous du service COD."
"4) What steps do I need to take to set up a UPS Collect on Delivery (COD) service?<br />You can email a completed and signed COD form to the following email address - konto@ups.com. Then a UPS representative will be in touch with you to discuss the COD service.","4. Quelles étapes dois-je suivre pour mettre en place un service de contre remboursement (COD) UPS ?<br />Vous pouvez contacter UPS en composant le numéro indiqué à la section « Questions de facturation <a href='https://www.ups.com/%1/%2/help-center/contact.page' target='_blank'>ici</a> ». Un représentant UPS vous contactera pour discuter avec vous du service COD."
"Search UPS Access Point™","Rechercher un relais UPS Access Point™"
"Print form","Imprimer le formulaire"
"//======================= E-shopper page","Page Client"
"Deliver to an UPS Access Point<sup>TM</sup>","Livrer en relais UPS Access Point™"
"Your package will be delivered to an UPS Access Point<sup>TM</sup>","Votre colis sera livré dans un relais UPS Access Point™"
"Open 24 hours","Ouvert 24 heures sur 24"
"The address is required","L’adresse est obligatoire"
"Please select an Access Point to process","Veuillez sélectionner un relais Access Point pour passer à l’étape suivante"
"Operating Hours","Horaires d’ouverture"
"Open","Ouvert"
"Close","Fermer"
"Monday","Lundi"
"Closed","Fermé"
"Tuesday","Mardi"
"Wednesday","Mercredi"
"Thursday","Jeudi"
"Friday","Vendredi"
"Saturday","Samedi"
"Sunday","Dimanche"
"Search for the UPS Access Point<sup>TM</sup>","Rechercher le relais UPS Access Point™"
"Near","À proximité"
"Delivered by End of Business Day","Livraison dans la journée"
"Address line, City, State, Postcode","Adresse, Ville, État, Code postal"
"Address line,City,State,Postcode","Adresse,Ville,État,Code postal"
"Use my delivery address","Utiliser mon adresse de livraison"
"Search","Rechercher"
"Results","Résultats"
"Select","Sélectionner"
"Deliver to Your Address","Livrer à votre adresse"
"Your package will be delivered to your address","Votre colis sera livré à votre adresse"
"UPS SHIPPING","EXPÉDITION UPS"
"Delivery today!","Livraison prévue aujourd’hui !"
"Delivery next day!","Livraison prévue demain !"
"Next two days!","Livraison dans deux jours !"
"Next three days!","Livraison dans trois jours !"
"Next four days!","Livraison dans quatre jours !"
"Next five days!","Livraison dans cinq jours !"
"Next six days!","Livraison dans six jours !"
"Next seven days!","Livraison dans sept jours !"
"Next eight days!","Livraison dans huit jours !"
"Next nine days!","Livraison dans neuf jours !"
"Next ten days!","Livraison dans dix jours !"
"delivered by","livré par"
"Delivered by","Livré par"
"January","Janvier"
"February","Février"
"March","Mars"
"April","Avril"
"May","Mai"
"June","Juin"
"July","Juillet"
"August","Août"
"September","Septembre"
"November","Novembre"
"October","Octobre"
"December","Décembre"
"//======================= Open Order page","Page Commande ouverte"
"Open Orders","Commandes ouvertes"
"Create Single Shipments","Créer des expéditions uniques"
"Create Batch Shipments","Créer des ensembles d’expéditions"
"Export All Orders","Exporter toutes les commandes"
"Export Orders","Exporter les commandes"
"Archive Orders","Archiver les commandes"
"Order ID","ID de la commande"
"Order Date","Date de commande"
"Product","Produit"
"Delivery Address","Adresse de livraison"
"Shipping Service","Service d’expédition"
"COD","COD"
"Action","Action"
"No results!","Aucun résultat !"
"Warning - Archiving orders will move your orders in the Archive tab and you can no longer process these orders. Click 'OK' to continue, 'Cancel' to go back to the screen","Attention : archiver les commandes déplacera vos commandes dans l’onglet Archive et vous ne pourrez plus traiter ces commandes. Cliquez sur « OK » pour continuer et « Annuler » pour retourner à l’écran"
"Cancel","Annuler"
"//======================= Detail Order page","Page Détails de la commande"
"Order","Commande"
"Order #","Commande #"
"Customer","Client"
"Order value","Montant de la commande"
"Payment status","État de paiement"
"Access Point","Access Point"
"//======================= Create single shipment page","Page Créer des expéditions uniques"
"Process Shipment","Traitement de l’envoi"
"Ship From","Envoyer de"
"Ship To","Expédier à"
"Accessorial service","Service optionnel"
"Packaging","Emballage"
"Package #1","Colis n° 1"
"Package #","Colis n° "
"Add package","Ajouter un colis"
"View estimated shipping fee and delivery date","Afficher les frais d’expédition et la date de livraison estimés"
"Edit","Modifier"
"Create Shipment","Créer un envoi"
"Custom Package","Emballage personnalisé"
"Name","Nom"
"Address","Adresse"
"State","État"
"Note: Insufficient or incorrect address may increase the shipping fee","Remarque : une adresse incomplète ou incorrecte peut faire augmenter les frais d’expédition"
"Additional Handling","Manutention complémentaire"
"Additional handling","Manutention complémentaire"
"Quantum View Ship Notification","Notification d’envoi Quantum View"
"Quantum View Delivery Notification","Notification de livraison Quantum View"
"Residential Address","Adresse résidentielle"
"Saturday Delivery","Livraison le samedi"
"Carbon Neutral","Carbone neutre"
"Direct Delivery Only","Livraison directe uniquement"
"Declared value","Valeur déclarée"
"Signature Required","Signature obligatoire"
"Adult Signature Required","Signature d’un adulte obligatoire"
"To Home COD","COD à domicile"
"Cancel Editing","Annuler les modifications"
"To Access Point COD","COD en relais Access Point"
"Orders to be processed","Commandes à traiter"
"The name is not empty","Le champ de nom n’est pas vide"
"The address is required","L’adresse est obligatoire"
"The postal code is empty or invalid","Le code postal est vide ou invalide"
"The city is not empty","Le champ de ville n’est pas vide"
"Invalid email format","Format d’e-mail invalide"
"The phone is not empty","Le champ de numéro de téléphone n’est pas vide"
"Some of the data you entered is not valid. Please check again.","Certaines des données que vous avez saisies ne sont pas valides. Veuillez revérifier."
"There are errors connecting to the UPS API servers. Please try again.","Des erreurs se produisent lors de la connexion aux serveurs API d’UPS. Veuillez réessayer."
"//======================= Shipment page","Page Expédition"
"Shipments","Expéditions"
"By selecting any order in this shipment tab, I agree to the <a href='javascrip:void(0);' id='term-condition'>Terms and Conditions.</a>","En sélectionnant n’importe quelle commande dans cet onglet d’expédition, j’accepte les <a href='javascrip:void(0);' id='term-condition'>conditions générales</a>."
"UPS Tracking Terms and Conditions","Conditions générales du suivi UPS"
"NOTICE: The UPS package tracking systems accessed via this service (the &quot; Tracking Systems &quot;) and tracking information obtained through this service (the &quot; Information &quot;) is the private property of UPS. UPS authorizes you to use the Tracking Systems solely to track shipments tendered by or for you to UPS for delivery and for no other purpose. Without limitation, you are not authorized to make the Information available on any web site or otherwise reproduce, distribute, copy, store, use or sell the Information for commercial gain without the express written consent of UPS. This is a personal service, thus your right to use the Tracking Systems or Information is non-assignable. Any access or use that is inconsistent with these terms is unauthorized and strictly prohibited.","NOTE : Les systèmes de suivi des colis UPS accessibles via ce service (les « Systèmes de suivi ») et les informations de suivi obtenues via ce service (les « Informations ») sont la propriété privée d’UPS. UPS vous autorise à utiliser les Systèmes de suivi uniquement pour les envois remis par ou pour vous à UPS en vue de leur livraison, et à aucune autre fin. Sans limitation, vous n’êtes pas autorisé à diffuser les informations sur tout site internet, ou à reproduire, distribuer, copier, stocker, utiliser ou vendre les Informations à des fins commerciales sans l’accord écrit exprès d’UPS. Il s’agit d’un service personnel, votre droit d’utilisation des Systèmes de suivi ou des Informations est donc incessible. Tout accès ou utilisation allant à l’encontre de ces conditions n’est pas autorisé et strictement interdit."
"Download PDF Label","Télécharger l'étiquette PDF"
"Download ZPL Label","Télécharger l'étiquette ZPL"
"Export Shipment Data","Exporter les informations d’expédition"
"Cancel Shipments","Annuler les envois"
"ID Shipment","ID d’expédition"
"Tracking Number","Numéro de suivi"
"Date","Date"
"Estimated Shipping Fee","Tarifs d’expédition estimés"
"Shipment #","Expédition #"
"Order #ID reference","N° de l’ID de référence de la commande"
"Package details","Informations sur le colis"
"Are you sure you want to cancel selected shipment(s)?","Souhaitez-vous vraiment annuler les envois sélectionnés ?"
"Shipment Canceled","Expédition annulée"
"Archived Orders","Commandes archivées"
"//======================= Additional",""
"Packaging:","Emballage:"
"Access Point display setting:","Paramètre d’affichage d’un relais Access Point:"
"Number of Access Points visible to customers:","Nombre de relais Access Point visibles par les clients:"
"Display all the Access Points in range of:","Afficher tous les relais Access Point dans un rayon de:"
"Title:","Titre:"
"Company:","Société:"
"Email:","E-mail:"
"Phone &nbsp number:","Numéro de téléphone:"
"Phone &nbsp;number:","Numéro de téléphone:"
"Address type:","Type d’adresse:"
"Address:","Adresse:"
"Postal code:","Code postal:"
"City:","Ville:"
"Country:","Pays:"
"Account Name:","Nom du compte:"
"Account Number:","Numéro de compte:"
"Account number:","Numéro de compte:"
"Invoice Number:","Numéro de facture:"
"Invoice Amount:","Montant facturé:"
"Currency:","Monnaie:"
"Currency ","Monnaie:"
"Invoice date:","Date de la facture:"
"Name:","Nom:"
"Phone:","Téléphone:"
"Customer:","Client:"
"Product:","Produit:"
"Shipping service:","Service d’expédition:"
"Order value:","Montant de la commande:"
"Payment status:","État de paiement:"
"Access Point:","Access Point:"
"Payment Status:","État de paiement:"
"Phone number:","Numéro de téléphone:"
"Package:","Colis:"
"Estimated Shipping fee:","Tarifs d’expédition estimés:"
"Estimated Shipping Fee:","Tarifs d’expédition estimés:"
"Orders to be processed:","Commandes à traiter:"
"Order #ID reference:","N° de l’ID de référence de la commande:"
"Package details:","Informations sur le colis:"
"Tracking number:","Numéro de suivi:"
"Accessorial Service:","Service optionnel:"
"Accessorial service:","Service optionnel:"
"If you are new to UPS, please refer to the following FAQs for additional information:","Si vous découvrez UPS, veuillez consulter la FAQ suivante pour en savoir plus:"
"VAT Number:","Numéro de TVA:"
"Promo Code:","Code promotionnel:"
"Country/Territory:","Pays/Territoire:"
"End of Business Day","Livraison dans la journée"
"//==============================Security Enhancement page",""
"Security Enhancement","Amélioration de la sécurité"
"SECURITY ENHANCEMENTS ACTIVATION","ACTIVATION DES AMÉLIORATIONS DE SÉCURITÉ"
"By installing UPS Plugin you gained this convenient option to apply UPS recommended Security Enhancements to your e-shop.By enabling particular security enhancements below you can make your e-shop less vulnerable to some common hackers' attacks."
"Note, you can keep UPS recommended Security Enhancements disabled if you have already implemented these security measures in other way (by tweaking your web servers configurations properly, by coding own Magento hooks or by using some other plugin that aims to implement the similar enhancements).","En installant le plug-in UPS, il vous est désormais possible de recourir à l’option d’appliquer les améliorations de sécurité recommandées par UPS à votre boutique en ligne. En activant celles citées ci-dessous, vous pourrez la rendre moins vulnérable à certaines des cyberattaques les plus courantes."
"Nous vous rappelons que vous pouvez désactiver les améliorations de sécurité recommandées par UPS si vous avez déjà mis en œuvre ces mesures d’une autre manière (en configurant correctement vos serveurs Web, en codant vos propres hooks Magento ou en utilisant un autre plug-in qui vise à apporter des améliorations similaires)."
"Clickjacking Defense","Détournement de clic"
"See [wikipedia|https://en.wikipedia.org/wiki/Clickjacking] for more details. If you enable this defense, then UPS plugin will secure your store by communicating framing policy to user's browser through 'X-Frame-Options: Sameorigin' HTTP response header and by injecting 'frame-breaker' java script for legacy browsers.- UPS Plugin can secure your e-shop Front Office pages in accordance with OWASP recommended Clickjacking Defense Cheat Sheet Disable this defense if you wish to enable framing of your e-shop GUI on 3rd party websites; or if you have already implemented this defense differently.","Consultez [Wikipédia|https://fr.wikipedia.org/wiki/Détournement_de_clic] pour plus de détails. Si vous activez cette défense, le plug-in UPS sécurisera votre boutique en communiquant la politique de cadrage au navigateur de l’utilisateur via « X-Frame-Options » : option d’en-tête HTTP « Sameorigin » et en injectant un script java « frame-breaker » pour les navigateurs plus anciens. Le plug-in UPS peut sécuriser les pages consultées par vos clients dans votre boutique en ligne, conformément aux recommandations de l’aide-mémoire sur le détournement de clic d’OWASP. Désactivez cette défense si vous souhaitez activer le cadrage de l’interface graphique de votre boutique en ligne sur des sites Web tiers ou si vous avez déjà déployé cette défense autrement."
"Use X-Frame-Options response header","Utiliser l’en-tête de réponse X-Frame-Options"
"Do not use","NE PAS UTILISER"
"Deny","Refuser"
"SameOrigin","SameOrigin"
"Use frame-killer script:","Utiliser le script frame-killer :"
"Use Content-Security-Policy response header","Utiliser l’en-tête de réponse Content-Security-Policy"
"frame-ancestors 'none'","none' frame-ancestors"
"frame-ancestors 'sefl'","self' frame-ancestors"
"Content Sniffing Prevention","Prévention de la détection de contenu"
"See wikipedia for more details.If you check this option, UPS plugin will secure your e-shop Front Office by applying <br />X-Content-Type-Options: nosniff","Consultez Wikipédia pour plus de détails. Si vous cochez cette option, le plug-in UPS sécurisera les pages consultées par vos clients dans votre boutique en ligne en mettant en œuvre <br />X-Content-Type-Options: nosniff"
"HTTP Response Header to all Magento Front Office pages. That will prevent the client's browser (notably Internet Explorer) from MIME-sniffing a response away from the declared content-type. You may not really need this as your users are not supposed to upload any potentially harmful files to your e-shop (e.g. JavaScript instead of an Image). However, it is still good practice to enable this special security header as there is no performance penalty associated with it.","En-tête de réponse HTTP à toutes les pages consultées par vos clients dans Magento. Cela empêchera le navigateur du client (notamment Internet Explorer) de faire une détection MIME d’une réponse en dehors du type de contenu annoncé. Il se peut que vous n’en ayez pas vraiment besoin, car vos utilisateurs ne sont pas censés charger des fichiers potentiellement dommageables sur votre boutique en ligne (p. ex., fichier en JavaScript au lieu d’une image). Cependant, il est toujours de bonne pratique d’activer cet en-tête de sécurité spécifique, car aucun problème de performance n’y est associé."
"Enables cross-site scripting filters in browsers that support the X-XSS-Protection directive","Active les filtres de scripts intersites dans les navigateurs qui prennent en charge la directive X-XSS-Protection"
"See wikipedia for more details.If you check this option, UPS plugin will secure your e-shop Front Office by applying <br />X-XSS-Protection: '1; mode=block' <br />HTTP response header to all Magento Front Office pages.","Consultez Wikipédia pour plus de détails. Si vous cochez cette option, le plug-in UPS sécurisera les pages consultées par vos clients dans votre boutique en ligne en mettant en œuvre <br />X-XSS-Protection : '1; mode=block' <br />En-tête de réponse HTTP à toutes les pages consultées par vos clients dans Magento."
"Protect your e-shop website against protocol downgrade attacks and cookie hijacking","Protégez le site Web de votre boutique en ligne contre les attaques de dégradation de protocole et le détournement de cookie"
"See wikipedia for more details If you check this option, UPS plugin will secure your e-shop Front Office by applying <br />Strict-Transport-Security 'max-age=31536000; includeSubDomains' <br />HTTP response header to all Magento Front Office pages.","Consultez Wikipédia pour plus de détails. Si vous cochez cette option, le plug-in UPS sécurisera les pages consultées par vos clients dans votre boutique en ligne en mettant en œuvre <br />Strict-Transport-Security 'max-age=31536000; includeSubDomains' <br />En-tête de réponse HTTP à toutes les pages consultées par vos clients dans Magento."
"Prevent sensitive pages from caching by browser.","Empêche les pages sensibles d’être mises en cache par le navigateur."
"See OWASP FAQs for more details. If you check this option, UPS plugin will secure the Checkout process by applying <br />Cache-Control: no-cache, no-store<br />Expires: 0 <br />Pragma: no-cache<br />HTTP response headers to the corresponding pages","Consultez la FAQ d’OWASP pour plus de détails. Si vous cochez cette option, le plug-in UPS sécurisera le processus de paiement en mettant en œuvre <br />Cache-Control: no-cache, no-store <br />Expires: 0 <br />Pragma: no-cache <br />En-têtes de réponse HTTP vers les pages correspondantes"
"Apply to pages","Appliquer aux pages"
"All","Tous"
"Checkout only","Paiement seulement"
"Data saved successfully.","Données sauvegardées avec succès."
"We couldn't find any records","Nous n’avons pas trouvé d’enregistrements"
"Please wait…","Veuillez patienter…"
"Archiving Orders","Commandes archivées"
"There is no shipping service for the above address","Il n’y a pas de service d’expédition pour les adresses ci-dessus"
"The email is not empty","Le champ d’e-mail n’est pas vide"
"The country is not empty","Le champ du pays n’est pas vide"
"Select all","Tout sélectionner"
"Unselect all","Tout désélectionner"
"Do not have label for this Tracking ID","Nous n’avons pas d’étiquette pour ce N° de suivi"
"Print Label or download file.","Imprimer une étiquette ou télécharger le fichier."
"Connection error, try later to install and configure","Erreur de connexion, essayez d’installer et de configurer plus tard"
"We are unable to void this shipment at this time. You may attempt to void the shipment later. However you will not be billed for this shipment provided that you do not use the shipping label","Nous ne pouvons pas annuler votre envoi pour le moment. Vous pouvez tenter d’annuler l’envoi plus tard. Toutefois, vous ne serez pas facturé pour cet envoi à condition que vous n’utilisiez pas l’étiquette d’expédition"
"Estimated Fee","Frais estimés"
"Shipping fee","Frais d’expédition"
"Poland","Pologne"
"United Kingdom","Royaume-Uni"
"France","France"
"Germany","Allemagne"
"Italy","Italie"
"Netherlands","Pays-Bas"
"Spain","Espagne"
"Belgium","Belgique"
"United States","États Unis"
"Shipment Manager","Gestionnaire des expéditions"
"Default Package","Colis par défaut"
"Order Time","Heure de la commande"
"Time","Heure"
"Published in the French Market","Disponible sur le marché Français"
"Warning", "Attention"
"Un-Archive Orders","Commandes retirées des archives"
"Un-Archiving Orders","Retrait des commandes des archives"
"Warning! Un-Archiving orders will move your orders to Open Orders tab. Click 'OK' to continue, 'Cancel' to go back to the screen.","Attention : En retirant des commandes des archives, celles-ci seront déplacées vers l’onglet Commandes ouvertes. Cliquez sur « OK » pour continuer, « Annuler » pour revenir à l’écran précédent."
"Warning! Maximum allowable per package weight for shipments created for UPS Access Points is 20.00 kgs or 44.09 lbs.","Attention : Le poids maximal autorisé par colis pour les envois créés pour les envois UPS Access Point est de 20 kg (44,09 lb)."
"Error! Maximum allowable per package weight is 70.00 kgs or 154.32 lbs.","Erreur : Le poids maximal autorisé par colis est de 70 kg (154,32 lb)."
"Error! Package exceeds the maximum allowable size of 400 cm or 157.48 inches (the maximum allowable size calculation = length + 2 * width + 2 * height).","Erreur : Le colis excède la taille maximale autorisée de 400 cm (157,48 po) (calcul de la taille maximale autorisée : longueur + 2 x largeur + 2 x hauteur)."
"NOTE: If you have an existing UPS account number, please use the exact registered pickup address (which might be different from your invoice billing address) associated with this account number. Please note that the format of the postal code or zip code should exactly match the one provided in the registered pickup address.","REMARQUE : si vous possédez un numéro de compte UPS valide, veuillez utiliser l’adresse d’enlèvement exacte enregistrée (qui peut différer de votre adresse de facturation) liée à ce numéro de compte. Veuillez noter que le format du code postal doit être identique à celui fourni dans l’adresse d’enlèvement enregistrée."
"Pickup Address:","Adresse d’enlèvement:"
"Pickup Postal Code:","Code postal d’enlèvement:"
"Use registered pickup address. <br />If you have any difficulties understanding which address to use, please contact your local UPS sales representative or call the support phone number provided on the “About” page","Utilisez l’adresse d’enlèvement enregistrée. <br />Si vous ne savez pas quelle adresse utiliser, veuillez contacter le commercial UPS de votre zone géographique ou composer le numéro de téléphone d’assistance fourni sur la page « À propos »."
"The format of the postal code should exactly match the one provided in the registered pickup address. If you have any difficulties understanding which address to use, please contact your local UPS sales representative or call the support phone number provided on the “About” page","Le format du code postal doit être identique à celui fourni dans l’adresse d’enlèvement enregistrée. Si vous ne savez pas quelle adresse utiliser, veuillez contacter le commercial UPS de votre zone géographique ou composer le numéro de téléphone d’assistance fourni sur la page « À propos ». "
"UPS Shipping and UPS Access Point™ : Official Plugin","Envoi UPS et UPS Access Point™ : plug-in officiel"
"This module allows you to easily integrate UPS services into your store with a range of guaranteed delivery services (including deliveries to UPS Access Points™) to meet your customers' need for speed and budget.","Ce module vous permet d’intégrer facilement les services UPS à votre boutique en vous offrant une gamme de services de livraison garantie (dont les livraisons aux UPS Access Point™) pour répondre aux besoins de vos clients en matière de délai de livraison et de budget."
"UPS Shipping and UPS Access Point™: Official Module ","Envois UPS et UPS Access Point™ : Module officiel "
"Warning! Maximum allowable per package size for shipments created for UPS Access Points is 330 cm or 129.92 inches (the maximum allowable size calculation = length + 2 * width + 2 * height).","Attention : la taille maximale autorisée par envoi créé pour des envois UPS Access Point est 330 cm (129,92 po) (calcul de la taille maximale autorisée : longueur + 2 x largeur + 2 x hauteur)"
"Release to Germany, Spain & United Kingdom markets","Sortie sur les marchés allemand, espagnol et britannique"
"Available on the France market", "Disponible sur le marché Français"
"Release on Italy, Netherlands and Belgium Market", "Sortie sur le marché Italien, Néerlandais et Belge"
"Un-Archive Orders","Désarchiver les commandes"
