"English (US)","Netherlands"
"//======================= About page","Informatiepagina"
"About","Informatie"
"UPS has partnered up with Magento to offer a free UPS Shipping and UPS Access Point™ Module that will allow you to integrate and offer a wide range of UPS shipping & delivery solutions directly on your website check-out process! This official UPS Module for Magento gives your customers access to our expansive UPS Access Point network and delivery services.","UPS heeft een partnerschap met Magento waardoor wij een gratis UPS Shipping en UPS Access Point™-module kunnen bieden, waarmee u een brede reeks aan UPS verzend- en leveringsopties kunt integreren en aanbieden in het betaalproces van uw website! Met de officiële UPS-module voor Magento krijgen uw klanten toegang tot ons uitgestrekte netwerk en afleveringsdiensten van UPS Access Point."
"Features of this product","Eigenschappen van dit product"
"Front Office","Front Office"
"Simple & easy map interface for your customers to select UPS Access Point as per their preference.","Een eenvoudige en gemakkelijke kaartinterface voor uw klanten om een UPS Access Point volgens hun voorkeur te selecteren."
"User-friendly interface for your customers to switch from Access Point delivery to home delivery.","Een gebruikersvriendelijke interface voor uw klanten om van Access Point-aflevering naar thuislevering om te zetten."
"Real time UPS shipping rate or flat rates for each available service (as per merchant’s back office settings).","Realtime UPS-verzendtarief of vast tarief voor elke beschikbare dienst (volgens de backoffice-instellingen van de verkoper)."
"Back Office","Back Office"
"Range of options to set up delivery rates that your customers will see (for example: free shipping, real time shipping rates, or flat rates as per basket value thresholds).","Een reeks aan opties om leveringstarieven in te stellen die uw klanten kunnen zien (bijvoorbeeld: gratis verzending, realtime verzendtarieven of vaste tarieven, overeenkomstig met de drempelwaarden van de totale waarde van het winkelmandje)."
"Possibility to open a UPS account directly in the module itself, if you do not have one.","De mogelijkheid om een UPS-account te openen rechtstreeks in de module zelf, als u deze niet hebt."
"Easy PDF label generation.","Eenvoudig genereren van pdf-etiketten."
"Real time tracking information.","Realtime traceerinformatie."
"Ability to export open orders so that you can process them in other applications for more complex needs.","De mogelijkheid om openstaande opdrachten te exporteren, zodat u deze kunt bewerken in andere toepassingen als u meer complexe doeleinden nastreeft."
"Module version number and release date","Versienummer en publicatiedatum van module"
"Module version v","Moduleversie v"
"Release date ","Publicatiedatum "
"Changelog","Wijzigingslogboek"
"Platform compatibility statement","Verklaring over platformcompatibiliteit"
"Compatible with Magento versions 2.1, 2.2, 2.3","Compatibel met Magento versies 2.1, 2.2, 2.3"
"UPS Shipping Module website","Website UPS Shipping-module"
"For more information visit <a href='https://www.ups.com/%1/%2/services/technology-integration/ecommerce-plugins.page' target='_blank'>https://www.ups.com/%1/%2/services/technology-integration/ecommerce-plugins.page</a>","Bezoek <a href='https://www.ups.com/%1/%2/services/technology-integration/ecommerce-plugins.page' target='_blank'>https://www.ups.com/%1/%2/services/technology-integration/ecommerce-plugins.page</a>"
"For more information visit","Bezoek"
"Netherlands_no_delete"," voor meer informatie"
"Support information","Informatie over ondersteuning"
"For assistance with installing, upgrading, or using UPS Shipping Module, please contact UPS at -","Neem contact op met UPS over het installeren, upgraden of gebruiken van de UPS Shipping-module in -"
"Poland +48 (0) 22 203 03 21","Nederland +31-(0)205040602"
"UPS Shipping Module","UPS Shipping-module"
"UPS Shipping","UPS Shipping"
"Shipment management","Leveringsbeheer"
"//======================= Country page","Landpagina"
"Country setting","Landinstelling"
"Country Setting","Landinstelling"
"Please select your country/territory","Selecteer uw land/regio"
"Continue","Doorgaan"
"//======================= Terms and Condition page","Pagina Bepalingen en voorwaarden"
"UPS Terms and Conditions","Bepalingen en voorwaarden UPS"
"I agree to the UPS Technology Agreement and confirm that I've been given enough time to read it and understand that it contains important terms about my use of UPS Technologies, like limiting UPS's liability and my agreement on how disputes between UPS and me will be handled","Ik ga akkoord met de UPS Technologieovereenkomst en bevestig dat ik voldoende tijd heb gekregen om het te lezen en begrijp dat het belangrijke voorwaarden bevat over mijn gebruik van UPS-technologieën, zoals de beperking van de aansprakelijkheid van UPS en mijn instemming over hoe geschillen tussen UPS en mij zullen behandeld worden."
"I agree to the UPS Technology Agreement and confirm that I've been given enough time to read it and understand that it contains important terms about my use of UPS Technologies,","Ik ga akkoord met de UPS Technologieovereenkomst en bevestig dat ik voldoende tijd heb"
" like"," gekregen"
" limiting UPS's liability and my agreement on how disputes between UPS and me will be handled"," om het te lezen en begrijp dat het belangrijke voorwaarden bevat over mijn gebruik van UPS-technologieën, zoals de beperking van de aansprakelijkheid van UPS en mijn instemming over hoe geschillen tussen UPS en mij zullen behandeld worden."
"Print","Afdrukken"
"Number of items in order","aantal artikelen in bestelling"
"Add Backup Rate","verzend tarief"
"Cannot get Term & Condition","Kan Bepalingen en voorwaarden niet krijgen"
"//======================= Account Page","Accountpagina"
"Account","Account"
"ACCOUNT","ACCOUNT"
"For more information on UPS Plugins please click <a target='_blank' href='https://www.ups.com/%1/%2/services/technology-integration/ecommerce-plugins.page'>this link</a> (opens in a new browser window)","Klik op de <a target='_blank' href='https://www.ups.com/%1/%2/services/technology-integration/ecommerce-plugins.page'>questo collegamentovolgende link</a> voor meer informatie over UPS-plug-ins (wordt in een nieuw browservenster geopend)"
"Please fill the form below to start configuring UPS plug-in for your e-commerce website","Vul het onderstaande formulier in om de configuratie van de UPS-plug-in voor uw webshop te starten"
"Title","Titel"
"Full name","Volledige naam"
"Full Name","Volledige naam"
"Company","Bedrijfsnaam"
"Email","E-mail"
"Phone number","Telefoonnummer"
"Address type","Adrestype"
"Address","Adres"
"Postal code","Postcode"
"City","Plaats"
"Country/Territory","Land/Regio"
"Example: Warehouse, Branch #1, etc.","Bijvoorbeeld: Magazijn, afdeling nr. 1 enz."
"Example: Warehouse, Branch #1","Bijvoorbeeld: Magazijn, afdeling nr. 1"
"Street Address","Adres"
"Apartment, Suite, Unit, Building, Floor, etc.","Appartement, kamer, unit, gebouw, etage enz."
"Department, c/o, etc.","Afdeling, p/a enz."
"Mr","De heer"
"Miss","Mevrouw"
"Mrs","Mevrouw"
"Ms","Mevrouw"
"I have a UPS Account Number WITH an invoice occurred in the last 45 days (90 days if your account is in the US or Canada)","Ik heb een UPS-accountnummer MET facturatie in de afgelopen 45 dagen (90 dagen als uw account is aangemeld in de VS of Canada)"
"I have a UPS Account Number WITHOUT an invoice occurred in the last 45 days (90 days if your account is in the US or Canada)","Ik heb een UPS-accountnummer ZONDER facturatie in de afgelopen 45 dagen (90 dagen als uw account is aangemeld in de VS of Canada)"
"I do not have a UPS Account Number and would like to get one from the plug-in","Ik heb geen UPS-accountnummer, maar ik wil er graag een ontvangen via de plug-in"
"I do not have a UPS Account Number and would ","Ik heb geen UPS-accountnummer, maar ik wil er "
"like","graag"
" to get one from the plug-in"," een ontvangen via de plug-in"
"The invoice should be 1 of the last 3 issued by UPS in last 45 days (90 days if your account is in the US or Canada)","De factuur moet 1 van de 3 laatste facturen van UPS zijn in de afgelopen 45 dagen (90 dagen als uw account is aangemeld in de VS of Canada)"
"Account name","Accountnaam"
"Account number","Accountnummer"
"Invoice number","Factuurnummer"
"Invoice amount","Factuurbedrag"
"Currency","Valuta"
"Invoice date","Factuurdatum"
"VAT number","BTW-nummer"
"Promo Code","Promotiecode"
"Please Note: Shippers are prohibited from shipping dangerous goods or hazardous materials using the account opened in this application.","Opmerking: Het is verboden voor afzenders om gevaarlijke goederen of gevaarlijke materialen te versturen met het account dat in deze toepassing is geopend."
"Your account will support deliveries to authorized UPS Access Point™ locations after 24 hours.","Met uw account worden leveringen ondersteund naar geautoriseerde UPS Access Point™-locaties na 24 uur."
"You can find more information on dangerous goods and how UPS can support you shipping them on this link <br /><a target='_blank' href=https://www.ups.com/%1/%2/help-center/packaging-and-supplies/special-care-shipments/global-dangerous-goods.page>[https://www.ups.com/%1/%2/help-center/packaging-and-supplies/special-care-shipments/global-dangerous-goods.page]</a>","Via de volgende link kunt u meer informatie vinden over gevaarlijke goederen en over hoe UPS u kan helpen bij het verzenden hiervan<br /><a target='_blank' href=https://www.ups.com/%1/%2/help-center/packaging-and-supplies/special-care-shipments/global-dangerous-goods.page>[https://www.ups.com/%1/%2/help-center/packaging-and-supplies/special-care-shipments/global-dangerous-goods.page]</a>"
"Reference name that will be associate with an account. For example warehouse 1, warehouse 2,  Store 1, Store 2 etc. You can freely chose the name as per your requirement","Referentienaam die wordt gekoppeld aan een account. Bijvoorbeeld magazijn 1, magazijn 2, winkel 1, winkel 2 enz. U kunt de naam vrij kiezen."
"The postal code or zip code associated with your UPS account. It can be found on the top on each page of your UPS invoice under 'Purchaser'","De postcode die is gekoppeld aan uw UPS-account. Deze is vermeld aan de bovenzijde van elke pagina van uw UPS-factuur bij 'Koper'"
"The name associated with your UPS account. It can be found on the top on each page of your UPS invoice under 'Purchaser'","De naam die is gekoppeld aan uw UPS-account. Deze is vermeld aan de bovenzijde van elke pagina van uw UPS-factuur bij 'Koper'"
"A unique six character alphanumeric number that identifies your account. It can be found on the top left side on each page of your UPS invoice","Een uniek alfanumeriek woord van zes tekens, waarmee uw account wordt geïdentificeerd. Deze is vermeld aan de linkerbovenzijde van elke pagina van uw UPS-factuur"
"A unique 12 digit number assigned by UPS to an invoice. It can be found on the top left side on each page of your UPS invoice","Een uniek 12-cijferig getal dat door UPS aan een factuur wordt toegewezen. Deze is vermeld aan de linkerbovenzijde van elke pagina van uw UPS-factuur"
"Total Amount Due for the given invoice. It can be found on the 'Summary of Charges' table on the first page on the invoice","Totaal verschuldigd bedrag van de betreffende factuur. Deze is vermeld op de eerste pagina van de factuur bij 'Kostenoverzicht'"
"Date of issuing the invoice. It can be found on the top left side on each page of your UPS invoice","Uitgiftedatum van de factuur. Deze is vermeld aan de linkerbovenzijde van elke pagina van uw UPS-factuur"
"Get started","Aan de slag"
"Some of the data you entered is not valid. Please check again.","Sommige door u ingevoerde gegevens zijn niet geldig. Controleer deze opnieuw."
"Cannot create new Account Number","Kan geen nieuw accountnummer maken"
"Email is not correct format","De indeling van het e-mailadres is niet juist"
"Your request to create a UPS Shipping Account was not successful. Please check the 'City' and 'Postal code' values that you entered. Here are some suggestions on the City and Postal code that are a valid combination - ","Uw verzoek om een UPS Shipping-account te maken is mislukt. Controleer de door u ingevoerde waarden voor 'Plaats' en 'Postcode'. Enkele suggesties voor Plaats en Postcode die een geldige combinatie vormen: "
"Please update the city and postal code values with one of these selections and click Get Started","Wijzig de invoer voor Plaats en Postcode met een van deze selecties en klik op 'Aan de slag'"
"Configuration","Configuratie"
"//======================= Account Success Page","Pagina Accountsucces"
"Your UPS Profile","Uw UPS-profiel"
"Your Payment Account","Uw betalingsaccount"
"Add another account number","Een ander accountnummer toevoegen"
"Please enter the address attached to your account number","Voer het adres in dat is gekoppeld aan uw accountnummer"
"Phone","Telefoonnummer"
"Verify","Verifiëren"
"Next","Volgende"
"Remove","Verwijderen"
"Account number already exists in 'Your Payment Account'","Het accountnummer bestaat al in 'Uw betalingsaccount'"
"Full name:","Volledige naam:"
"Remove Account","Account verwijderen"
"This account will be removed. Click Ok to confirm, close the dialog to cancel.","Dit account wordt verwijderd. Klik op OK om te bevestigen, sluit het dialoogvenster om te annuleren."
"Your UPS account has been successfull registered","Uw UPS-account is met succes geregistreerd"
"//======================= Shipping Services page","Pagina Verzenddiensten"
"Shipping Services","Verzenddiensten"
"Select the UPS services you want to be visible in the checkout for your e-shoppers. To learn more about UPS services, refer UPS Tariff/Terms and Conditions of Service on UPS.COM","Selecteer de UPS-diensten die u wilt weergeven bij de afrekening voor uw webshopklanten. Raadpleeg de UPS Tarieven/Voorwaarden en bepalingen voor service op UPS.COM voor meer informatie over UPS-diensten"
"Deliver to UPS Access Point™ (to-AP delivery)","Afleveren bij een UPS Access Point™ (levering naar-AP)"
"UPS delivers the parcel to a UPS Access Point™ that the customer selected, then customer picks up their order there","UPS levert het pakket bij een UPS Access Point™ dat door de klant is geselecteerd, de klant haalt zijn of haar bestelling daar af"
"Yes","Ja"
"No","Nee"
"Set as default shipping option","Instellen als standaard verzendoptie."
"Select the shipping services for your customers to choose","Selecteer de verzenddiensten waaruit uw klanten kunnen kiezen"
"International shipping only - visible, when shipping address is outside of EU","Alleen internationale verzending - zichtbaar, als het verzendadres buiten de EU ligt"
"Access Point display setting:","Weergave-instelling Access Point:"
"Number of Access Points visible to customers:","Aantal Access Points zichtbaar voor klanten:"
"Display all the Access Points in range of:","Geef alle Access Points weer binnen een straal van:"
"kilometer around consignee's selected address","kilometer rond het door de ontvanger geselecteerde adres"
"Choose Account Number for this option","Kies Accountnummer voor deze optie"
"Deliver to consignee address (to-address delivery)","Leveren naar het adres van de ontvanger (levering naar-adres)"
"UPS delivers the parcel to the shipping address provided by customer.","UPS levert het pakket naar het verzendadres dat door de klant is opgegeven."
"Cut off time","Sluitingstijdstip"
"The cut off time selected here will be used in calculating the schedule delivery date and time, which will be displayed on your website checkout.","Het sluitingstijdstip dat hier is geselecteerd, wordt gebruikt bij het berekenen van de geplande leverdatum en het tijdstip die worden weergegeven op de afrekenpagina van uw webshop."
"For example, if the cut off time is selected as 5 PM and your e-shoppers views your webstore at 5.01 PM, all UPS scheduled delivery dates and time will be calculated from the following business day. When deciding this cut off time, please ensure that you have sufficient time to fulfill the order before the UPS scheduled pick up or you are able to drop off the packages at a UPS Access Point™.","Als het sluitingstijdstip bijvoorbeeld is ingesteld op 17:00 uur en uw klant bekijkt uw webshop om 17:01 uur, worden alle leverdatums en -tijdstippen van UPS berekend vanaf de volgende werkdag. Zorg er bij het kiezen van dit sluitingstijdstip voor dat u voldoende tijd overhoudt om de bestelling af te handelen vóór het geplande ophaaltijdstip van UPS, of om de pakketten op tijd bij een UPS Access Point™ af te leveren."
"If you are unsure about fulfilling customer orders on the same day, you can select 'Disable' which will result in the e-shopper seeing a generic delivery schedule for each available UPS service. For Example; 'UPS® Standard - In most cases, delivered within 1 to 3 business days in Europe.'","Als u niet zeker weet of u alle bestellingen op dezelfde dag kunt afhandelen, kunt u 'Uitschakelen' selecteren. Hierdoor wordt een algemeen leveringsschema voor elke beschikbare UPS-dienst op de webshop weergegeven. Bijvoorbeeld 'UPS® Standard - Levering in de meeste gevallen binnen 1 tot 3 werkdagen in Europa.'"
"Save","Opslaan"
"Please select at least one shipping service.","Selecteer ten minste één verzenddienst."
"UPS Access Point™ Economy","UPS Access Point™ Economy"
"UPS® Standard","UPS® Standard"
"UPS Expedited®","UPS Expedited®"
"UPS Express Saver®","UPS Express Saver®"
"UPS Express®","UPS Express®"
"UPS Express Plus®","UPS Express Plus®"
"//======================= Collect on Delivery (COD) page","Pagina Contante betaling bij aflevering (COD)"
"Collect on Delivery (COD)","Contante betaling bij aflevering (Collect on Delivery, COD)"
"You have the official Magento COD module enabled!","U hebt de officiële Magento COD-module ingeschakeld."
"Only show Access Points supporting COD shipments?","Alleen Access Points weergeven die COD-verzendingen ondersteunen?"
"Select 'YES' if you plan to offer COD shipments to a UPS Access Point™","Selecteer 'JA' als u COD-verzendingen naar UPS Access Point™ wilt aanbieden"
"The COD Shipping service of this plug-in is automatically compatible with the official Collect on Delivery (COD) module by Magento.","De COD-verzenddienst van deze plug-in is automatisch compatibel met de officiële COD-module van Magento."
"You do not have the official Magento COD module installed and/or enabled!","U hebt de officiële Magento COD-module niet geïnstalleerd en/of ingeschakeld."
"The COD Shipping service of this plugin is automatically compatible with the official Cash on Delivery (COD) module by Magento.","De COD-verzenddienst hiervan is automatisch compatibel met de officiële COD-module van Magento."
"If you want the UPS Shipping module to automatically detect COD shipments, <strong>please make sure that you have installed Magento's Collect on Delivery (COD)</strong>. If you already have Magento's Collect on Delivery (COD) module installed, <strong>please make sure that the module is enabled</strong>. [<a href='https://docs.magento.com/m2/ce/user_guide/payment/cash-on-delivery.html' target='_blank'>Click here</a>] for detailed guidance.","Als u wilt dat de UPS Shipping-module automatisch COD-verzendingen kan detecteren, moet u ervoor zorgen dat de COD-module van Magento is geïnstalleerd. Als u de COD-module van Magento al hebt geïnstalleerd, moet u ervoor zorgen dat de module is ingeschakeld. [<a href='https://docs.magento.com/m2/ce/user_guide/payment/cash-on-delivery.html' target='_blank'>Klik hier</a>] voor een gedetailleerde handleiding."
"COD Option","COD-optie"
"//======================= Package Dimensions page","Pagina pakketafmetingen"
"Package Dimensions","Pakketafmetingen"
"Default Package Setting","Standaard pakketinstelling"
"Default package setting","Standaard pakketinstelling"
"Please enter weight and dimensions of your packaging here. You can add multiple package dimensions, which can be easily selected in a dropdown option when creating shipments in the plug-in.","Voer hier het gewicht en de afmetingen van uw pakket in. U kunt meerdere pakketafmetingen toevoegen die later eenvoudig in het vervolgkeuzemenu kunnen worden geselecteerd bij het maken van verzendingen in de plug-in."
"In case you decide to show the real time UPS shipping rate (to be configured in the next screen) to the e-shoppers, the plug-in will use the first package, referred to as the 'Default Package' that is displayed below. The Default Package's weight and dimensions will be used to calculate the UPS shipping rates that will be displayed to the e-shoppers.","Als u het realtime UPS-verzendtarief wilt weergeven (die in het volgende scherm moet worden geconfigureerd) in uw webshop, wordt het eerste pakket door de plug-in gebruikt. Dit pakket wordt 'Standaardpakket' genomen en is hieronder weergegeven. Het gewicht en de afmetingen van het Standaardpakket worden gebruikt om de UPS-verzendtarieven te berekenen die worden weergegeven in de webshop."
"Add New Package","Nieuw pakket toevoegen"
"Package name","Pakketnaam"
"Example: Standard, Large, Phone box, etc.","Bijvoorbeeld: Standaard, groot, telefoonbox, enz."
"Weight","Gewicht"
"Unit","Eenheid"
"Dimension","Afmeting"
"Add Package","Pakket toevoegen"
"Length","Lengte"
"Width","Breedte"
"Height","Hoogte"
"The name Package is exist.","De naam Pakket bestaat al."
"Edit","Bewerken"
"Delete","Verwijderen"
"Editing Default Package","Standaardpakket bewerken"
"Remove Package","Pakket verwijderen"
"You are going to remove this default package from your profile. Click Ok to confirm, close the dialog to cancel.","U staat op het punt om dit standaardpakket uit uw profiel te verwijderen. Klik op OK om te bevestigen, sluit het dialoogvenster om te annuleren."
"OK","OK"
"Please input at least one default package to continue.","Voer ten minste één standaardpakket in om door te gaan."
"Please select an option","Maak een keuze"
"Basic (number of items in the e-shopper order determine the package size)","Basis (aantal artikelen in de e-shopperbestelling bepalen de pakketgrootte)"
"Advanced (weights and dimensions of products in the e-shopper order determine the package size)","Geavanceerd (gewichten en afmetingen van producten in de e-shopperbestelling bepalen de pakketgrootte)"
"Package dimensions:","Pakketafmetingen:"
"Note: the plugin will create a custom package size if an e-shopper order is larger than the packages you enter","Opmerking: de plug-in maakt een aangepaste pakketgrootte als een e-shopperbestelling groter is dan de pakketten die u invoert"
"Warning! To use this option you must enter product weights in the product settings of your shop.","Waarschuwing! Om deze optie te gebruiken, moet u productgewichten invoeren in de productinstellingen van uw winkel."
"Include dimensions in rating","Afmetingen opnemen in de tariefberekening"
"Yes","Ja"
"No","Nee"
"If set to “No”, rates will be based on product weights only.&nbsp; If set to “Yes”, product dimensions must be entered in the product settings of your shop","Indien ingesteld op 'Nee', dan worden de tarieven alleen gebaseerd op de productgewichten.  Indien ingesteld op 'Ja', dan moeten de productafmetingen worden ingevoerd in de productinstellingen van uw winkel"
"Name","Naam"
"Length","Lengte"
"Width","Breedte"
"Height","Hoogte"
"Weight","Gewicht"
"Max Weight","Maximaal gewicht"
"Backup rate:","Noodtarief:"
"Service Name","Naam service"
"Rate","Tarief"
"Backup rate will only display to e-shoppers if there is an issue within product settings, such as weights missing or if weights/dimensions exceed UPS limits","Noodtarieven worden alleen weergegeven voor e-shoppers als er een probleem is met de productinstellingen, zoals ontbrekende gewichten of als de gewichten/afmetingen de UPS-limieten overschrijden"
"Add default packages if you would like the package size used for rating to change based on the number of items in the e-shopper’s order","Voeg standaardpakketten toe als u de pakketgrootte voor de tariefberekening wilt wijzigen op basis van het aantal artikelen in de bestelling van de e-shopper"
"Note: if the number of items in the e-shopper order do not match any of your entries, then the size of the package used for rating will be based on that of the highest item count exceeded by the e-shopper order.","Opmerking: als het aantal artikelen in de bestelling van de e-shopper niet overeenkomt met uw invoer, dan wordt de grootte van het pakket, gebruikt voor de tariefberekening, gebaseerd op die van het hoogste aantal items dat overschreden wordt door de bestelling van de e-shopper."
"//======================= Checkout Shipping Rates page","Pagina verzendtarieven bij betaling"
"Checkout Shipping Rates","Verzendtarieven bij betaling"
"Ship to UPS Access Point&trade;","Verzenden naar UPS Access Point™"
"Flat rates","Vaste tarieven"
"Real time shipping rates","Realtime verzendtarieven"
"Delivery rates is","Afleveringstarief is"
"% of UPS shipping rates","% van UPS-verzendtarieven"
"The e-shopper will see the % of real time UPS rates. These rates are calculated using the default package weight and dimensions that you configured in the previous screen (Package Dimensions).","De webshopklant ziet het percentage van de realtime UPS-tarieven. Deze tarieven worden berekend met gebruikmaking van het gewicht en de afmetingen van het standaardpakket dat u in het vorige scherm hebt geconfigureerd (Pakketafmetingen)."
"Please Note:<br />1. UPS real time shipping rates are exclusive of VAT. If you want to display the rates including VAT, please add the VAT % to the shipping rate. E.g. If VAT is 23%, and you want to display rates including VAT, you should insert 123% above.<br />2. The e-shopper may select COD as a payment option within the Magento checkout after the shipping rates are calculated. In this scenario, UPS COD surcharges which will be billed, are not added to the displayed shipping rates automatically. This is due to the order in which Magento displays shipping and payment options.","Let op:<br />1. Realtime verzendtarieven van UPS zijn exclusief BTW. Als u de verzendtarieven inclusief BTW wilt laten weergeven, moet u het BTW-percentage aan het verzendtarief toevoegen. Als het BTW-percentage bijvoorbeeld 23% bedraagt en u wilt de tarieven inclusief BTW weergeven, moet u hierboven 123% invullen.<br />2. De webshopklant kan COD als betalingsoptie kiezen in de Magento-betaling nadat de verzendtarieven zijn berekend. In dit geval worden de te factureren COD-toeslagen van UPS niet automatisch bij de weergegeven verzendtarieven opgeteld. Dit wordt veroorzaakt door de volgorde waarin Magento de verzend- en betalingsopties weergeeft."
"Ship to Address","Verzenden naar adres"
"Order Value Threshold","Drempel opdrachtwaarde"
"Delivery rates","Leveringstarieven"
"The minimum thresholds can not be the same.","De minimumdrempelwaarden mogen niet gelijk zijn."
"//======================= Complete Configuration page","Pagina Configuratie voltooien"
"Complete Configuration","Configuratie voltooien"
"You can start shipping now!","U kunt nu beginnen met verzenden!"
"Click on the 'Complete Configuration' button to finish the configuration of the plug-in and start offering UPS shipping services on your website.","Klik op de knop 'Configuratie voltooien' om de configuratie van de plug-in te voltooien. Vanaf nu worden de UPS-verzenddiensten op uw website aangeboden."
"If you are new to UPS, please refer to the following FAQs for additional information:","Als u nieuw bent bij UPS, kunt u de volgende veelgestelde vragen raadplegen voor meer informatie -"
"1) How do I get more information about my new UPS shipping account?<br />If you opened a new UPS shipping account from the plug-in, a confirmation email with more information will be sent to the email address that you entered while creating the new account.","1. Hoe kan ik meer informatie krijgen over mijn nieuwe UPS-verzendaccount?<br />Als u een nieuw UPS-verzendaccount vanuit de plug-in hebt geopend, wordt een bevestigingsmail met meer informatie verstuurd naar het e-mailadres dat u tijdens het maken van het nieuwe account hebt ingevoerd."
"2) How do I prepare my packages for UPS collection or drop off to a UPS Access Point™?<br />Refer to the package preparation recommendations at this link - <a href='https://www.ups.com/%1/%2/services/individual-shipper/preparing-to-ship.page' target='_blank'>https://www.ups.com/%1/%2/services/individual-shipper/preparing-to-ship.page</a>","2. Hoe bereid ik mijn pakketten voor op de ophaalservice van UPS of op het afgeven bij een UPS Access Point™?<br />Raadpleeg de aanbevelingen voor pakketvoorbereiding via deze link - <a href='https://www.ups.com/%1/%2/services/individual-shipper/preparing-to-ship.page' target='_blank'>https://www.ups.com/%1/%2/services/individual-shipper/preparing-to-ship.page</a>"
"3) How do I give my packages to UPS?<br />You can drop you packages at any authorized UPS location such as a UPS Access Point™. Click below to search for a convenient access point location near you.","3. Hoe geef ik mijn pakketten af aan UPS?<br />U kunt uw pakketten bij elke erkende UPS-locatie afgeven, zoals een UPS Access Point™. Klik hieronder om te zoeken naar een gunstig liggend Access Point bij u in de buurt."
"You can also ask UPS to pickup packages from your warehouse or business address. If you need an occasional pickup, you can directly schedule a pickup from UPS.COM using this link - <a href='https://wwwapps.ups.com/pickup/schedule?loc=%1' target='_blank'>https://wwwapps.ups.com/pickup/schedule?loc=%1</a>","U kunt ook UPS vragen om pakketten op te halen bij uw magazijn of op uw bedrijfsadres. Als u de ophaalservice incidenteel gebruikt, kunt rechtstreeks een tijdstip voor ophalen inplannen bij UPS.COM via deze link -  <a href='https://wwwapps.ups.com/pickup/schedule?loc=%1' target='_blank'>https://wwwapps.ups.com/pickup/schedule?loc=%1</a>"
"If you have UPS packages on most business days and would prefer a regular UPS pickup, you can email a completed and signed Pickup form to the following email address - konto@ups.com. Then a UPS representative will be in touch with you to discuss a daily UPS pickup.","Als u op de meeste werkdagen pakketten voor UPS heeft en u graag een vaste afhaling wilt inplannen, kunt u contact met ons opnemen door het telefoonnummer te bellen dat u  <a href='https://www.ups.com/%1/%2/help-center/contact.page' target='_blank'>hier</a> onder 'vragen over facturatie' kunt vinden. Vervolgens zal een UPS-vertegenwoordiger contact met u opnemen om een dagelijkse afhaling te bespreken."
"If you have UPS packages on most business days and would prefer a regular UPS pickup, you can contact UPS by calling at the phone number provided under Billing Questions <a href='https://www.ups.com/%1/%2/help-center/contact.page' target='_blank'>here</a>. Then a UPS representative will be in touch with you to discuss a daily UPS pickup.","Als u op de meeste werkdagen pakketten voor UPS heeft en u graag een vaste afhaling wilt inplannen, kunt u contact met ons opnemen door het telefoonnummer te bellen dat u  <a href='https://www.ups.com/%1/%2/help-center/contact.page' target='_blank'>hier</a> onder 'vragen over facturatie' kunt vinden. Vervolgens zal een UPS-vertegenwoordiger contact met u opnemen om een dagelijkse afhaling te bespreken."
"4. What steps do I need to take to set up a UPS Collect on Delivery (COD) service?<br />You can contact UPS by calling at the phone number provided under Billing Questions <a href='https://www.ups.com/%1/%2/help-center/contact.page' target='_blank'>here</a>. Then a UPS representative will be in touch with you to discuss the COD service.","4. Wat moet ik doen om een COD-dienst (Collect on Delivery) bij UPS in te stellen?<br />U kunt contact met ons opnemen door het telefoonnummer te bellen dat u <a href='https://www.ups.com/%1/%2/help-center/contact.page' target='_blank'>hier</a> onder 'vragen over facturatie' kunt vinden. Vervolgens neemt een vertegenwoordiger van UPS contact met u op om de C.O.D service te bespreken."
"4) What steps do I need to take to set up a UPS Collect on Delivery (COD) service?<br />You can email a completed and signed COD form to the following email address - konto@ups.com. Then a UPS representative will be in touch with you to discuss the COD service.","4. Wat moet ik doen om een COD-dienst (Collect on Delivery) bij UPS in te stellen?<br />U kunt contact met ons opnemen door het telefoonnummer te bellen dat u <a href='https://www.ups.com/%1/%2/help-center/contact.page' target='_blank'>hier</a> onder 'vragen over facturatie' kunt vinden. Vervolgens neemt een vertegenwoordiger van UPS contact met u op om de C.O.D service te bespreken."
"Search UPS Access Point™","Access Point™ zoeken"
"Print form","Formulier afdrukken"
"//======================= E-shopper page","Pagina Webshopklant"
"Deliver to an UPS Access Point<sup>TM</sup>","Afleveren bij een Access Point™"
"Your package will be delivered to an UPS Access Point<sup>TM</sup>","Uw pakket wordt afgeleverd bij een UPS Access Point™"
"Open 24 hours","24 uur geopend"
"The address is required","Het adres is verplicht"
"Please select an Access Point to process","Selecteer een Access Point ter verwerking"
"Operating Hours","Werktijden"
"Open","Open"
"Close","Sluiten"
"Monday","Maandag"
"Closed","Gesloten"
"Tuesday","Dinsdag"
"Wednesday","Woensdag"
"Thursday","Donderdag"
"Friday","Vrijdag"
"Saturday","Zaterdag"
"Sunday","Zondag"
"Search for the UPS Access Point<sup>TM</sup>","Naar het Access Point™ zoeken"
"Near","In de buurt"
"Delivered by End of Business Day","Geleverd voor einde werkdag"
"Address line, City, State, Postcode","Adresregel, plaats, land, postcode"
"Address line,City,State,Postcode","Adresregel,plaats,land,postcode"
"Use my delivery address","Gebruik mijn afleveradres"
"Search","Zoeken"
"Results","Resultaten"
"Select","Selecteren"
"Deliver to Your Address","Afleveren op uw adres"
"Your package will be delivered to your address","Uw pakket wordt afgeleverd op uw adres"
"UPS SHIPPING","UPS SHIPPING"
"Delivery today!","Aflevering vandaag!"
"Delivery next day!","Aflevering de volgende dag!"
"Next two days!","De volgende twee dagen!"
"Next three days!","De volgende drie dagen!"
"Next four days!","De volgende vier dagen!"
"Next five days!","De volgende vijf dagen!"
"Next six days!","De volgende zes dagen!"
"Next seven days!","De volgende zeven dagen!"
"Next eight days!","De volgende acht dagen!"
"Next nine days!","De volgende negen dagen!"
"Next ten days!","De volgende tien dagen!"
"delivered by","afgeleverd in"
"Delivered by","Afgeleverd in"
"January","Januari"
"February","Februari"
"March","Maart"
"April","April"
"May","Mei"
"June","Juni"
"July","Juli"
"August","Augustus"
"September","September"
"November","November"
"October","Oktober"
"December","December"
"//======================= Open Order page","Pagina Openstaande bestellingen"
"Open Orders","Openstaande bestellingen"
"Create Single Shipments","Afzonderlijke zendingen maken"
"Create Batch Shipments","Groepszendingen maken"
"Export All Orders","Alle bestellingen exporteren"
"Export Orders","Bestellingen exporteren"
"Archive Orders","Bestellingen archiveren"
"Order ID","Bestellings-ID"
"Order Date","Besteldatum"
"Product","Product"
"Delivery Address","Afleveradres"
"Shipping Service","Verzendservice"
"COD","COD"
"Action","Actie"
"No results!","Geen resultaten!"
"Warning - Archiving orders will move your orders in the Archive tab and you can no longer process these orders. Click 'OK' to continue, 'Cancel' to go back to the screen","Waarschuwing – Door het archiveren van bestellingen worden deze naar het tabblad Archief verplaatst, waarna u deze bestellingen niet langer kunt verwerken. Klik op 'OK' om verder te gaan; klik op 'Annuleren' om terug te gaan naar het scherm"
"Warning","Waarschuwing"
"Cancel","Annuleren"
"//======================= Detail Order page","Pagina Bestellingsdetails"
"Order","Bestelling"
"Order #","Bestelling #"
"Customer","Klant"
"Order value","Bestelwaarde"
"Payment status","Betalingsstatus"
"Access Point","Access Point"
"//======================= Create single shipment page","Pagina Afzonderlijke zendingen maken"
"Process Shipment","Zending verwerken"
"Ship From","Herkomst"
"Ship To","Bestemming"
"Accessorial service","Extra diensten"
"Packaging","Verpakkingen"
"Package #1","Pakket nr. 1"
"Package #","Pakket nr. "
"Add package","Pakket toevoegen"
"View estimated shipping fee and delivery date","Geschatte verzendkosten en afleverdatum weergeven"
"Edit","Bewerken"
"Create Shipment","Zending maken"
"Custom Package","Aangepast pakket"
"Name","Naam"
"Address","Adres"
"State","Staat"
"Note: Insufficient or incorrect address may increase the shipping fee","Opmerking: Door onvoldoende of onjuiste adresgegevens kunnen de verzendkosten hoger worden"
"Additional Handling","Extra afhandeling"
"Additional handling","Extra afhandeling"
"Quantum View Ship Notification","Verzendbericht Quantum View"
"Quantum View Delivery Notification","Afleverbericht Quantum View"
"Residential Address","Woonadres"
"Saturday Delivery","Aflevering op zaterdag"
"Carbon Neutral","Carbon Neutral"
"Direct Delivery Only","Alleen rechtstreekse levering"
"Declared value","Aangegeven waarde"
"Signature Required","Handtekening vereist"
"Adult Signature Required","Handtekening volwassene vereist"
"To Home COD","COD naar woonadres"
"Cancel Editing","Bewerken annuleren"
"To Access Point COD","Naar Access Point COD"
"Orders to be processed","Te verwerken bestellingen"
"The name is not empty","De naam is niet leeg"
"The address is required","Het adres is verplicht"
"The postal code is empty or invalid","De postcode is leeg of ongeldig"
"The city is not empty","De plaats is niet leeg"
"Invalid email format","Ongeldig e-mailformaat"
"The phone is not empty","Het telefoonnummer is niet leeg"
"Some of the data you entered is not valid. Please check again.","Sommige door u ingevoerde gegevens zijn niet geldig. Controleer deze opnieuw."
"There are errors connecting to the UPS API servers. Please try again.","Fouten bij het verbinden met de UPS API-servers. Probeer het opnieuw."
"//======================= Shipment page","Pagina Zendingen"
"Shipments","Zendingen"
"By selecting any order in this shipment tab, I agree to the <a href='javascrip:void(0);' id='term-condition'>Terms and Conditions.</a>","Door het selecteren van een bestelling in dit tabblad Zendingen ga ik akkoord met de <a href='javascrip:void(0);' id='term-condition'>Bepalingen en voorwaarden</a>."
"UPS Tracking Terms and Conditions","Bepalingen en voorwaarden UPS Tracking"
"NOTICE: The UPS package tracking systems accessed via this service (the &quot; Tracking Systems &quot;) and tracking information obtained through this service (the &quot; Information &quot;) is the private property of UPS. UPS authorizes you to use the Tracking Systems solely to track shipments tendered by or for you to UPS for delivery and for no other purpose. Without limitation, you are not authorized to make the Information available on any web site or otherwise reproduce, distribute, copy, store, use or sell the Information for commercial gain without the express written consent of UPS. This is a personal service, thus your right to use the Tracking Systems or Information is non-assignable. Any access or use that is inconsistent with these terms is unauthorized and strictly prohibited.","KENNISGEVING: De UPS Pakket Traceersystemen geraadpleegd via deze dienst (de 'Traceersystemen') en traceergegevens verkregen via deze dienst (de 'Gegevens') zijn het eigendom van UPS. UPS geeft u slechts toestemming om de Traceersystemen te gebruiken om verzendingen te volgen die door of voor u aan UPS zijn aangeboden om te worden afgeleverd en voor geen enkel ander doel. U heeft het recht niet, zonder enige beperking, om de Informatie op een website beschikbaar te maken of op een andere manier te vermenigvuldigen, te verspreiden, te kopiëren, op te slaan, te gebruiken of te verkopen voor commerciële winstgevende doeleinden zonder uitdrukkelijke schriftelijke toestemming van UPS. Dit is een persoonlijke dienst, dus uw recht om de Traceerfuncties of Informatie te gebruiken is niet overdraagbaar. Elke raadpleging of elk gebruik in strijd met deze voorwaarden is ongeoorloofd en strikt verboden."
"Download PDF Label","Download PDF-Label"
"Download ZPL Label","Download ZPL Label"
"Export Shipment Data","Zendingsgegevens exporteren"
"Cancel Shipments","Zendingen annuleren"
"ID Shipment","Zendings-ID"
"Tracking Number","Trackingnummer"
"Date","Datum"
"Estimated Shipping Fee","Geschatte verzendkosten"
"Shipment #","Zending #"
"Order #ID reference","Referentie bestelnummer-ID"
"Package details","Pakketgegevens"
"Are you sure you want to cancel selected shipment(s)?","Weet u zeker dat u de geselecteerde zending(en) wilt annuleren?"
"Shipment Canceled","Zending geannuleerd"
"Archived Orders","Bestellingen gearchiveerd"
"//======================= Additional",""
"Packaging:","Verpakkingen:"
"Access Point display setting:","Weergave-instelling Access Point:"
"Number of Access Points visible to customers:","Aantal Access Points zichtbaar voor klanten:"
"Display all the Access Points in range of:","Geef alle Access Points weer binnen een straal van:"
"Title:","Titel:"
"Company:","Bedrijfsnaam:"
"Email:","E-mail:"
"Phone &nbsp number:","Telefoonnummer:"
"Phone &nbsp;number:","Telefoonnummer:"
"Address type:","Adrestype:"
"Address:","Adres:"
"Postal code:","Postcode:"
"City:","Plaats:"
"Country:","Land:"
"Account Name:","Accountnaam:"
"Account Number:","Accountnummer:"
"Account number:","Accountnummer:"
"Invoice Number:","Factuurnummer:"
"Invoice Amount:","Factuurbedrag:"
"Currency:","Valuta:"
"Currency ","Valuta:"
"Invoice date:","Factuurdatum:"
"Name:","Naam:"
"Phone:","Telefoonnummer:"
"Customer:","Klant:"
"Product:","Product:"
"Shipping service:","Verzendservice:"
"Order value:","Bestelwaarde:"
"Payment status:","Betalingsstatus:"
"Access Point:","Access Point:"
"Payment Status:","Betalingsstatus:"
"Phone number:","Telefoonnummer:"
"Package:","Pakket:"
"Estimated Shipping fee:","Geschatte verzendkosten:"
"Estimated Shipping Fee:","Geschatte verzendkosten:"
"Orders to be processed:","Te verwerken bestellingen:"
"Order #ID reference:","Referentie bestelnummer-ID:"
"Package details:","Pakketgegevens:"
"Tracking number:","Trackingnummer:"
"Accessorial Service:","Extra diensten:"
"Accessorial service:","Extra diensten:"
"If you are new to UPS, please refer to the following FAQs for additional information:","Als u nieuw bent bij UPS, kunt u de volgende veelgestelde vragen raadplegen voor meer informatie -"
"VAT Number:","BTW-nummer:"
"Promo Code:","Promotiecode:"
"Country/Territory:","Land/Regio:"
"End of Business Day","Geleverd voor einde werkdag"
"//==============================Security Enhancement page",""
"Security Enhancement","Beveiligingsverbetering"
"SECURITY ENHANCEMENTS ACTIVATION","ACTIVATIE VAN BEVEILIGINGSVERBETERINGEN"
"By installing UPS Plugin you gained this convenient option to apply UPS recommended Security Enhancements to your e-shop.By enabling particular security enhancements below you can make your e-shop less vulnerable to some common hackers' attacks.<br />Note, you can keep UPS recommended Security Enhancements disabled if you have already implemented these security measures in other way (by tweaking your web servers configurations properly, by coding own Magento hooks or by using some other plugin that aims to implement the similar enhancements).","Door UPS Plugin te installeren hebt u deze handige optie verkregen om de door UPS aanbevolen beveiligingsverbeteringen op uw digitale winkel toe te passen. Door hieronder bepaalde beveiligingsverbeteringen in te schakelen, maakt u uw webwinkel minder kwetsbaar voor enkele gebruikelijke aanvallen door hackers.<br />Let op: u kunt de door UPS aanbevolen beveiligingsverbeteringen uitgeschakeld laten als u deze beveiligingsmaatregelen al op een andere manier hebt ingevoerd (door de configuratie van uw webservers op de juiste manier in te stellen, door de zogenaamde eigen hooks van Magento te coderen of door andere invoegtoepassingen te gebruiken die dezelfde verbeteringen implementeren)."
"Clickjacking Defense","Clickjacking Defense"
"See [wikipedia|https://en.wikipedia.org/wiki/Clickjacking] for more details. If you enable this defense, then UPS plugin will secure your store by communicating framing policy to user's browser through 'X-Frame-Options: Sameorigin' HTTP response header and by injecting 'frame-breaker' java script for legacy browsers.- UPS Plugin can secure your e-shop Front Office pages in accordance with OWASP recommended Clickjacking Defense Cheat Sheet Disable this defense if you wish to enable framing of your e-shop GUI on 3rd party websites; or if you have already implemented this defense differently.","Zie [wikipedia|https://en.wikipedia.org/wiki/Clickjacking] voor meer informatie. Als u deze verdediging inschakelt, zal UPS Plugin uw winkel beveiligen door het framingbeleid naar de browser van de gebruiker te communiceren met behulp van een 'X-Frame-Options: Sameorigin' HTTP-antwoordheader en door een 'frame-breaker'-javascript bij oudere browsers te injecteren.- UPS Plugin kan de Front Office-pagina's van uw digitale winkel beveiligen in overeenstemming met het door OWASP aanbevolen Clickjacking Defense Cheat Sheet. Schakel deze verdediging uit als u framing van de grafische vormgeving van uw webwinkel op websites van derden wilt inschakelen; of als u deze verdediging al op een andere manier hebt ingevoerd."
"Use X-Frame-Options response header","Gebruik X-Frame-Options-antwoordheader"
"Do not use","Niet gebruiken"
"Deny","Weigeren"
"SameOrigin","SameOrigin"
"Use frame-killer script:","Gebruik frame-killer-script:"
"Use Content-Security-Policy response header","Gebruik Content-Security-Policy-antwoordheader"
"frame-ancestors 'none'","frame-ancestors 'none'"
"frame-ancestors 'sefl'","frame-ancestors 'sefl'"
"Content Sniffing Prevention","Preventie van Content Sniffing"
"See wikipedia for more details.If you check this option, UPS plugin will secure your e-shop Front Office by applying <br />X-Content-Type-Options: nosniff","Zie Wikipedia voor meer informatie. Als u deze optie aanvinkt, zal UPS Plugin de Front Office van uw digitale winkel beveiligen door toepassing van <br />X-Content-Type-Options: nosniff"
"HTTP Response Header to all Magento Front Office pages. That will prevent the client's browser (notably Internet Explorer) from MIME-sniffing a response away from the declared content-type. You may not really need this as your users are not supposed to upload any potentially harmful files to your e-shop (e.g. JavaScript instead of an Image). However, it is still good practice to enable this special security header as there is no performance penalty associated with it.","HTTP-antwoordheader voor alle Magento Front Office-pagina's. Dit zal voorkomen dat de browser van de klant (met name Internet Explorer) een antwoord verwijdert van het gedeclareerde contenttype via MIME-sniffing. U hebt dit misschien niet echt nodig, omdat uw gebruikers niet geacht worden potentieel schadelijke bestanden te uploaden naar uw webwinkel (zoals JavaScript in plaats van een afbeelding). Het is echter nog steeds een goed idee om deze speciale beveiligingsheader in te schakelen, aangezien er geen nadelige gevolgen voor de prestatie mee gepaard gaan."
"Enables cross-site scripting filters in browsers that support the X-XSS-Protection directive","Schakelt scriptfilters tussen websites in browsers in die de X-XSS-Protection-instructie ondersteunen"
"See wikipedia for more details.If you check this option, UPS plugin will secure your e-shop Front Office by applying <br />X-XSS-Protection: '1; mode=block' <br />HTTP response header to all Magento Front Office pages.","Zie Wikipedia voor meer informatie. Als u deze optie aanvinkt, zal UPS Plugin de Front Office van uw digitale winkel beveiligen door toepassing van <br />X-XSS-Protection: '1; mode=block' <br />HTTP-antwoordheader voor alle Magento Front Office-pagina's."
"Protect your e-shop website against protocol downgrade attacks and cookie hijacking","Bescherm uw digitale winkel tegen aanvallen die uw protocol downgraden en tegen sessiehijacking."
"See wikipedia for more details If you check this option, UPS plugin will secure your e-shop Front Office by applying <br />Strict-Transport-Security 'max-age=31536000; includeSubDomains' <br />HTTP response header to all Magento Front Office pages.","Zie Wikipedia voor meer informatie. Als u deze optie aanvinkt, zal UPS Plugin de Front Office van uw digitale winkel beveiligen door toepassing van <br />Strict-Transport-Security 'max-age=31536000; includeSubDomains' <br />HTTP-antwoordheader voor alle Magento Front Office-pagina's."
"Prevent sensitive pages from caching by browser.","Voorkom dat gevoelige pagina's door de browser in het cachegeheugen worden opgeslagen."
"See OWASP FAQs for more details. If you check this option, UPS plugin will secure the Checkout process by applying <br />Cache-Control: no-cache, no-store<br />Expires: 0 <br />Pragma: no-cache<br />HTTP response headers to the corresponding pages","Zie de veelgestelde vragen van OWASP voor meer informatie. Als u deze optie aanvinkt, zal UPS Plugin de betalingsprocedure beveiligen door toepassing van <br />Cache-Control: no-cache, no-store <br />Vervalt: 0 <br />Pragma: no-cache <br />HTTP-antwoordheaders voor de overeenstemmende pagina's"
"Apply to pages","Toepassen op pagina's"
"All","Alle"
"Checkout only","Alleen op betalingsprocedure"
"Data saved successfully.","Gegevens met succes opgeslagen."
"We couldn't find any records","We konden geen gegevens vinden"
"Please wait…","Even geduld a.u.b."
"Archiving Orders","Bestellingen archiveren"
"There is no shipping service for the above address","Er is geen verzendservice voor het bovenstaande adres"
"The email is not empty","De e-mail is niet leeg"
"The country is not empty","Het land is niet leeg"
"Select all","Alles selecteren"
"Unselect all","Alles deselecteren"
"Do not have label for this Tracking ID","Heb geen etiket voor deze tracking-ID"
"Print Label or download file.","Druk etiket af of download bestand."
"Connection error, try later to install and configure","Verbindingsfout, probeer het later nog eens te installeren en configureren"
"We are unable to void this shipment at this time. You may attempt to void the shipment later. However you will not be billed for this shipment provided that you do not use the shipping label","We kunnen deze zending nu niet annuleren. U kunt later nog eens proberen om de zending te annuleren. U wordt echter niet gefactureerd voor deze zending, op voorwaarde dat u het verzendetiket niet gebruikt"
"Estimated Fee","Geschatte kosten"
"Shipping fee","Verzendkosten"
"Poland","Polen"
"United Kingdom","Verenigd Koninkrijk"
"France","Frankrijk"
"Germany","Duitsland"
"Italy","Italië"
"Netherlands","Nederland"
"Spain","Spanje"
"Belgium","België"
"United States","Verenigde Staten"
"Shipment Manager","Zendingsmanager"
"Default Package","Standaardpakket"
"Order Time","Tijdstip van bestelling"
"Time","Tijdstip"
"Un-Archive Orders","Niet gearchiveerde bestellingen"
"Un-Archiving Orders","Archivering bestellingen ongedaan maken"
"Warning! Un-Archiving orders will move your orders to Open Orders tab. Click 'OK' to continue, 'Cancel' to go back to the screen.","Waarschuwing! 'Archivering bestellingen ongedaan maken' zal uw bestellingen terugplaatsen op het tabblad 'Openstaande bestellingen'. Klik op 'OK' om door te gaan of op 'Annuleren' om terug te keren naar het scherm."
"Warning! Maximum allowable per package weight for shipments created for UPS Access Points is 20.00 kgs or 44.09 lbs.","Waarschuwing! Het maximale toegestane gewicht per pakket voor zendingen die worden aangemaakt voor UPS Access Points is 20,00 kg of 44,09 lbs."
"Error! Maximum allowable per package weight is 70.00 kgs or 154.32 lbs.","Fout! Het maximale toegestane gewicht per pakket is 70,00 kg of 154,32 lbs."
"Error! Package exceeds the maximum allowable size of 400 cm or 157.48 inches (the maximum allowable size calculation = length + 2 * width + 2 * height).","Fout! Het pakket overschrijdt de maximale toegestane afmetingen van 400 cm of 157,48 inch (de berekening voor de maximale toegestane afmetingen = lengte + 2 * breedte + 2 * hoogte)."
"NOTE: If you have an existing UPS account number, please use the exact registered pickup address (which might be different from your invoice billing address) associated with this account number. Please note that the format of the postal code or zip code should exactly match the one provided in the registered pickup address.","OPMERKING: als u een bestaand UPS-klantennummer hebt, gebruik dan het precieze geregistreerde afhaaladres (dit adres kan verschillen van uw factuuradres) dat aan dit klantennummer gekoppeld is. Houd er rekening mee dat de opmaak van de postcode precies moet overeenstemmen met de postcode van het geregistreerde afhaaladres."
"Pickup Address:","Afhaaladres:"
"Pickup Postal Code:","Postcode van het afhaaladres:"
"Use registered pickup address. <br />If you have any difficulties understanding which address to use, please contact your local UPS sales representative or call the support phone number provided on the “About” page","Gebruik geregistreerd afhaaladres. <br />Als u niet begrijpt welk adres u moet gebruiken, kunt u contact opnemen met uw lokale UPS-verkoopmedewerker of bellen naar het telefoonnummer voor ondersteuning op de pagina 'Meer informatie'"
"The format of the postal code should exactly match the one provided in the registered pickup address. If you have any difficulties understanding which address to use, please contact your local UPS sales representative or call the support phone number provided on the “About” page","De opmaak van de postcode moet precies overeenstemmen met de postcode van het geregistreerde afhaaladres. Als u niet begrijpt welk adres u moet gebruiken, kunt u contact opnemen met uw lokale UPS-verkoopmedewerker of bellen naar het telefoonnummer voor ondersteuning op de pagina 'Meer informatie'"
"UPS Shipping and UPS Access Point™ : Official Plugin","UPS Shipping en UPS Access Point™: officiële invoegtoepassing"
"This module allows you to easily integrate UPS services into your store with a range of guaranteed delivery services (including deliveries to UPS Access Points™) to meet your customers' need for speed and budget.","Deze module biedt u de mogelijkheid om UPS-services makkelijk te integreren in uw winkel, met een reeks services voor gegarandeerde aflevering (met inbegrip van aflevering in UPS Access Points™) om te voldoen aan de behoefte aan snelheid en budget van uw klanten."
"UPS Shipping and UPS Access Point™: Official Module ","UPS Shipping en UPS Access Point™: officiële module "
"Warning! Maximum allowable per package size for shipments created for UPS Access Points is 330 cm or 129.92 inches (the maximum allowable size calculation = length + 2 * width + 2 * height).","Waarschuwing! De maximale toegestane afmetingen per pakket voor zendingen die worden aangemaakt voor UPS Access Points is 330 cm or 129,92 inch (de berekening voor de maximale toegestane afmetingen = lengte + 2 * breedte + 2 * hoogte)."
"Release on Italy, Netherlands and Belgium Market", "Release op de markt van Italië, Nederland en België"
"Un-Archive Orders","Dearchiveer Bestellingen"
